RW pH,RW Tur,RW Colour,RW TDS,RW Iron,RW Hardness,RW S Solids,RW Aluminium,RW Chloride,RW Manganese,RW Conductivity,RW Calcium,RW Magnesium,RW Alkalinity,RW Ammonia as N,Water_Status
7.539583333333332,4.776666666666667,8.0,277.0,0.0255,116.0,4.0,0.022,39.0,0.0221,419.6969696969697,74.0,42.0,160.0,0.161,1
6.221541713760528,4.260416666666667,8.0,280.0,0.0359,118.0,58.977777254470276,0.021,40.0,0.0265,424.24242424242425,72.0,46.0,160.0,0.146,0
8.98772101424764,2.710416666666666,8.0,319.0,0.0,124.0,2.4,0.019,41.0,0.01,483.3333333333333,76.0,52.0,140.0,0.069,0
8.061666666666666,6.545000000000001,9.0,338.0,0.017,123.0,5.2,0.017,46.0,0.0272,512.1212121212121,61.0,63.0,172.0,0.244,1
6.221541713760528,3.441666666666667,8.0,308.0,0.079,142.0,3.2,0.013,37.0,0.0,1163.0347655294363,90.0,52.0,170.0,0.105,0
8.98772101424764,2.481666666666667,8.0,411.0,0.032,142.0,2.4,0.014,57.0,0.021,622.7272727272727,66.0,76.0,138.416614805184,0.111,0
7.796250000000001,2.52,9.0,400.0,0.079,141.0,2.4,0.015,63.0,0.0,606.060606060606,69.0,73.0,177.0,0.102,1
7.867083333333331,2.4454166666666666,8.0,398.0,0.106,144.0,2.0,0.016,61.0,0.021,603.030303030303,68.0,76.0,170.0,0.19,1
7.760833333333333,3.67875,15.0,450.0,0.074,230.0,2.0,0.015,52.0,0.023,681.8181818181818,138.0,92.0,230.0,0.136,1
6.221541713760528,2.599166666666666,8.0,368.0,0.044,164.0,2.4,0.017,53.0,0.019,557.5757575757575,83.70356159396121,56.0,190.0,0.133,0
6.221541713760528,2.721250000000001,8.0,303.0,0.099,144.0,2.4,0.02,345.00459909234536,0.014,459.09090909090907,100.0,44.0,170.0,0.068,0
7.889583333333333,2.7008333333333336,8.0,401.0,0.017,139.0,2.0,0.013,56.0,0.029,607.5757575757575,71.0,69.0,177.0,0.112,1
7.65125,3.579583333333334,8.0,285.0,0.0,122.0,2.8,0.016,38.0,0.0133,431.8181818181818,80.0,42.0,155.0,0.055,1
7.828260869565218,2.443913043478261,8.0,387.0,0.064,129.0,2.4,0.014,52.0,0.0,586.3636363636364,65.0,65.0,167.0,0.098,1
7.740416666666667,2.749166666666667,8.0,715.4506956912519,0.11237871242889333,132.0,2.4,0.012,37.0,0.0,1106.73786559905,90.0,42.0,165.0,0.127,0
8.98772101424764,2.5849999999999995,8.0,340.0,0.139,146.0,2.4,0.014,43.0,0.022,1386.8565532297387,96.0,50.0,180.0,0.138,0
8.98772101424764,38.16068911936432,8.0,406.0,0.088,190.0,2.4,0.018,54.0,0.039,615.1515151515151,99.61379671796827,68.0,134.47220649808662,0.152,0
8.98772101424764,2.728333333333333,8.0,278.0,0.0629,126.0,2.4,0.017,37.0,0.01,1058.8966943604335,74.0,52.0,150.0,0.158,0
7.831250000000002,2.5525,6.0,284.0,0.053,116.0,2.4,0.016,31.0,0.021,430.3030303030303,80.0,36.0,130.0,0.123,1
3.865876134199909,46.17760131345997,55.150905038051576,2360.5936617839357,0.7218660109151046,1036.8731183793543,29.864475731151707,0.09738610036018111,292.67666588180106,0.22237455973238557,2694.391137775215,447.2464711650728,389.1266936071064,1279.5164286955146,1.3603508756095675,0
7.9674999999999985,2.2783333333333338,8.0,356.0,0.0992,136.0,2.0,0.017,54.0,0.0299,539.3939393939394,72.0,64.0,170.0,0.204,1
7.976666666666666,8.987083333333333,10.0,343.0,0.064,127.0,6.0,0.013,51.0,0.036,519.6969696969696,65.0,63.0,177.0,0.248,1
7.749583333333333,3.1991666666666663,8.0,290.0,0.084,126.0,2.8,0.016,38.0,0.01,439.3939393939394,82.0,44.0,160.0,0.119,1
8.095,2.381666666666667,9.0,383.0,0.039,128.0,2.0,0.012,54.0,0.031,580.3030303030303,66.0,62.0,172.0,0.145,1
8.071666666666667,2.53,8.0,396.0,0.082,135.0,2.0,0.013,52.0,0.037,600.0,69.0,67.0,172.0,0.152,1
8.98772101424764,5.437083333333334,10.0,128.0,0.0294,40.0,5.2,0.016,18.0,0.025,193.93939393939397,30.0,10.0,65.0,0.6795740453108019,0
3.865876134199909,19.376470906868963,55.150905038051576,2173.351105041867,0.6553783520150293,1044.9108944908223,12.443531554646546,0.11985981582791522,246.1144690369691,0.0,2480.671727413441,588.1597429020136,232.11065934458978,1227.4430856672088,2.054407444798122,0
6.221541713760528,2.5787500000000003,8.0,305.0,0.0699,140.0,2.8,0.5320758781692255,52.0,0.0338,462.1212121212121,84.08035714928769,80.0,165.0,0.201,0
7.744999999999998,3.172916666666666,10.0,292.0,0.023,132.0,2.8,0.015,34.0,0.001,442.4242424242424,84.0,48.0,170.0,0.139,1
8.037916666666666,4.248333333333333,8.0,353.0,0.0701,145.0,3.6,0.016,46.0,0.0293,534.8484848484849,67.0,79.0,167.0,0.139,1
7.899166666666665,2.612916666666667,9.0,389.0,0.091,131.0,2.4,0.016,55.0,0.033,589.3939393939394,64.0,67.0,167.0,0.209,1
8.116666666666667,2.4304166666666664,8.0,348.0,0.064,121.0,2.0,0.013,54.0,0.036,527.2727272727273,65.0,56.0,172.0,0.146,1
7.848750000000002,2.3862499999999995,8.0,296.0,0.033,140.0,2.0,0.015,38.0,0.0,448.4848484848485,100.0,40.0,155.0,0.141,1
7.823333333333334,2.3925,8.0,330.0,0.07,152.0,2.0,0.016,41.0,0.0,500.0,104.0,48.0,175.0,0.222,1
12.98185895291478,51.19690580405344,62.04476816780802,2260.2851492435416,0.16147002875732605,988.6464617105472,32.35318204208102,0.12735105431715993,305.98015069461024,0.26298208803134293,2579.898596509979,373.72650330232113,430.0873981973281,1279.5164286955146,2.2579973717600983,0
7.757499999999999,3.120416666666667,8.0,289.0,0.0525,130.0,2.8,0.017,39.0,0.0062,437.8787878787879,76.0,54.0,150.0,0.152,1
8.98772101424764,3.3258333333333323,8.0,286.0,0.029,126.0,2.8,0.018,38.0,0.0,433.3333333333333,84.0,42.0,165.0,0.049,0
7.788333333333331,2.549583333333333,7.0,352.0,0.059,152.0,2.0,0.019,34.0,0.019,533.3333333333333,112.0,40.0,170.0,0.108,1
7.681249999999999,9.373333333333331,15.0,278.0,0.0317,122.0,8.0,0.026,43.0,0.0366,421.2121212121212,68.0,54.0,155.0,0.157,1
8.098333333333333,13.02308794639469,36.12402559586123,357.0,0.0613,125.0,11.188862018455414,0.014,44.0,0.0293,540.9090909090909,65.0,61.0,167.0,0.118,0
7.627083333333334,4.6866666666666665,8.0,267.0,0.0,120.0,4.4,0.016,39.0,0.0029,404.5454545454545,72.0,48.0,145.0,0.201,1
7.792916666666668,3.659166666666668,8.0,127.0,0.0623,40.0,2.8,0.012,17.0,0.023,192.4242424242424,32.0,8.0,65.0,0.086,1
7.859166666666667,3.4216666666666677,8.0,141.0,0.0437,40.0,3.2,0.013,17.0,0.0334,213.63636363636363,32.0,8.0,75.0,0.104,1
3.865876134199909,27.811509881970213,55.150905038051576,1919.2362066062024,1.5225673888117273,1012.7597900449508,17.420944176505163,0.12735105431715993,252.76621144337366,0.184667569169068,2190.6239562081773,514.6397750392618,286.72493213155207,1190.2478406469904,1.0457118975774227,0
7.757916666666666,2.449583333333333,8.0,356.0,0.073,164.0,2.0,0.011,42.0,0.006,539.3939393939394,106.0,58.0,190.0,0.126,1
6.221541713760528,35.68761946517034,8.0,345.0,0.0927,130.0,2.4,0.018,52.0,0.0162,522.7272727272727,64.0,66.0,160.0,0.098,0
7.787500000000001,6.375875723081704,28.89922047668898,391.0,0.01,162.0,8.39164651384156,0.017,47.0,0.039,592.4242424242424,118.0,44.0,200.0,0.068,0
8.98772101424764,2.967083333333333,8.0,186.0,0.078,74.0,2.4,0.5719830999557775,22.0,0.011,281.8181818181818,62.0,10.0,100.0,0.11,0
8.98772101424764,3.3054166666666664,8.0,423.0,0.007,192.0,2.8,0.02,62.0,0.033,640.9090909090909,116.0,33.766120788716854,210.0,0.176,0
8.98772101424764,5.935833333333334,8.0,344.0,0.0917,145.0,4.4,0.5968170115312352,45.0,0.0259,521.2121212121211,65.0,81.0,162.05106980217622,0.155,0
7.879999999999999,29.47833333333333,10.0,160.0,0.081,64.0,8.4,0.015,20.0,0.013,242.4242424242424,56.0,8.0,80.0,0.178,1
7.737083333333334,3.3145833333333328,8.0,288.0,0.022,136.0,3.2,0.014,36.0,0.0,436.3636363636363,86.0,50.0,160.0,0.117,1
7.792083333333334,2.961666666666666,7.0,253.0,0.0481,90.0,2.4,0.015,31.0,0.0097,383.3333333333333,70.0,20.0,115.0,0.106,1
7.450833333333333,4.573333333333333,8.0,281.0,0.1127,124.0,4.0,0.017,40.0,0.0178,425.75757575757575,74.0,54.0,155.0,0.149,1
7.718749999999997,2.959583333333334,8.0,370.0,0.034,170.0,2.0,0.018,50.0,0.033,560.6060606060606,104.0,66.0,185.0,0.128,1
7.75,3.092083333333333,8.0,400.0,0.009,170.0,2.4,0.021,52.0,0.027,606.060606060606,106.0,64.0,190.0,0.158,1
7.889583333333333,9.469111825718302,36.12402559586123,342.0,0.148,162.0,11.188862018455414,0.019,50.0,0.02,518.1818181818181,110.0,52.0,175.0,0.121,0
7.566666666666666,28.094166666666663,15.0,120.0,0.2079,44.0,23.2,0.023,15.0,0.0213,181.8181818181818,28.0,6.0,60.0,0.136,1
7.634166666666666,3.231666666666667,8.0,663.3317708395713,0.05207793990607251,124.0,2.4,0.018,39.0,0.029690459703820428,1026.1145773766027,80.0,44.0,160.0,0.052,0
8.98772101424764,2.4404166666666667,9.0,485.0,0.073,156.0,58.77631867268287,0.015,100.0,0.0,734.8484848484848,73.0,83.0,192.0,0.096,0
7.738333333333333,4.849565217391304,8.0,461.0,0.044,192.0,4.0,0.017,67.0,0.013,698.4848484848485,112.0,80.0,220.0,0.105,1
7.742083333333333,6.346666666666667,10.0,284.28504464553055,0.45636721022953025,40.0,9.2,0.014,18.0,0.10451041815744791,439.7633903042583,26.0,14.0,55.0,0.128,0
7.877391304347825,3.1321739130434785,8.0,365.0,0.109,127.0,2.8,0.014,54.0,0.036,553.030303030303,65.0,62.0,162.0,0.225,1
7.739583333333333,2.850833333333334,8.0,765.2005785042197,0.1173124119989423,136.0,2.4,0.015,43.0,0.0,1183.6964589022953,90.0,46.0,175.0,0.109,0
7.9224999999999985,2.362083333333333,8.0,331.0,0.1008,132.0,2.0,0.016,63.0,0.0194,501.5151515151515,68.0,64.0,162.0,0.093,1
6.221541713760528,3.5916666666666672,8.0,577.6537042179347,0.0919,122.0,2.8,0.017,39.0,0.01,406.06060606060606,86.50137794599713,54.0,150.0,0.155,0
8.033333333333335,2.3829166666666666,8.0,355.0,0.078,138.0,2.0,0.018,55.0,0.032,537.8787878787879,64.0,74.0,167.0,0.132,1
7.750416666666667,2.549166666666667,8.0,385.0,0.094,156.0,2.4,0.012,43.0,0.009,583.3333333333333,124.0,32.0,170.0,0.111,1
7.833750000000001,2.6716666666666664,7.0,154.0,0.0309,50.0,1.6,0.01,17.0,0.0047,233.3333333333333,42.0,8.0,85.0,0.146,1
8.057916666666666,5.3725,8.0,343.0,0.0595,123.0,4.0,0.014,45.0,0.247,519.6969696969696,65.0,59.0,167.0,0.136,1
7.755833333333334,6.237547311199091,28.89922047668898,283.0,0.088,130.0,8.39164651384156,0.017,37.0,0.006,428.7878787878788,88.0,42.0,165.0,0.109,0
7.771666666666667,3.8716666666666666,7.0,306.0,0.03,142.0,3.2,0.018,31.0,0.016,463.6363636363636,104.0,38.0,160.0,0.109,1
7.517916666666667,2.6500000000000004,8.0,287.0,0.0732,126.0,2.4,0.013,39.0,0.011,434.8484848484848,74.0,50.0,150.0,0.14,1
7.825416666666666,3.3825,8.0,354.0,0.164,160.0,2.8,0.018,51.0,0.015,536.3636363636364,108.0,52.0,180.0,0.143,1
7.544583333333333,3.2841666666666662,8.0,324.0,0.0331,138.0,2.4,0.014,43.0,0.0,490.9090909090909,88.0,50.0,175.0,0.109,1
7.659999999999999,3.917916666666667,8.0,290.0,0.1584,124.0,3.6,0.017,39.0,0.0167,439.3939393939394,82.0,42.0,160.0,0.127,1
7.749583333333333,2.880416666666666,8.0,230.0,0.0302,90.0,2.4,0.016,30.0,0.0077,348.48484848484844,72.0,18.0,120.0,0.106,1
8.037083333333333,5.174583333333333,10.0,309.0,0.046,127.0,4.0,0.013,45.0,0.021,468.1818181818182,63.0,65.0,162.0,0.244,1
7.931666666666666,20.16083399953756,36.12402559586123,164.0,0.1416,64.0,27.972155046138532,0.017,21.0,0.0225,248.48484848484847,58.0,6.0,80.0,0.106,0
8.06,6.262020799455245,32.511623036275104,442.0,0.083,150.0,6.993038761534633,0.015,71.0,0.032,669.6969696969696,70.0,80.0,172.0,0.13,0
8.98772101424764,2.415833333333333,9.0,374.0,0.058,124.0,66.14782205250842,0.01,52.0,0.6348815226160113,566.6666666666666,64.0,60.0,167.0,0.141,0
7.527500000000001,2.6020833333333337,8.0,321.0,0.1581,140.0,2.4,0.016,49.0,0.0105,486.3636363636363,90.0,50.0,170.0,0.136,1
7.957916666666665,5.91832789916229,28.89922047668898,345.0,0.0927,130.0,8.39164651384156,0.018,52.0,0.0162,522.7272727272727,64.0,66.0,160.0,0.098,0
7.945833333333333,6.163062781723837,28.89922047668898,368.0,0.0862,142.0,6.993038761534633,0.015,61.0,0.0305,557.5757575757575,70.0,72.0,170.0,0.197,0
12.98185895291478,20.494406907046603,55.150905038051576,2126.54046585635,0.6363818780435792,1125.288655605501,12.443531554646546,0.12735105431715993,212.85575700494624,0.1063530503067931,2427.241874822998,686.1863667190158,191.14995475436805,1227.4430856672088,0.9531710216856153,0
7.763750000000001,2.4916666666666667,8.0,234.0,0.0556,92.0,2.8,0.013,31.0,0.0101,354.5454545454545,70.0,22.0,120.0,0.097,1
7.708181818181816,7.602065197923671,28.89922047668898,288.0,0.0192,122.0,8.39164651384156,0.018,38.0,0.0183,436.3636363636363,78.0,44.0,160.0,0.182,0
8.005416666666665,10.598084479621791,32.511623036275104,321.0,0.0459,153.0,11.188862018455414,0.015,44.0,0.0314,486.3636363636363,67.0,86.0,157.0,0.139,0
8.06,2.4520833333333334,9.0,442.0,0.083,150.0,2.0,0.015,71.0,0.032,669.6969696969696,70.0,80.0,172.0,0.13,1
8.132083333333332,2.380833333333334,8.0,368.0,0.066,125.0,2.0,0.012,52.0,0.04,557.5757575757575,64.0,60.0,172.0,0.141,1
7.795000000000001,2.413333333333333,8.0,240.0,0.074,92.0,2.4,0.012,30.0,0.018,363.6363636363636,68.0,24.0,115.0,0.105,1
7.734166666666667,2.4516666666666667,8.0,280.0,0.082,132.0,2.4,0.018,36.0,0.013,424.24242424242425,90.0,42.0,160.0,0.187,1
7.740833333333332,2.362083333333333,8.0,272.0,0.064,128.0,2.0,0.015,36.0,0.01,412.1212121212121,84.0,44.0,155.0,0.125,1
8.98772101424764,4.328333333333334,8.0,290.0,0.1276,126.0,3.6,0.6426045736766599,40.0,0.0177,439.3939393939394,82.0,44.0,160.0,0.123,0
8.079166666666671,6.187916666666666,10.0,328.0,0.076,129.0,4.4,0.015,45.0,0.05,496.96969696969694,65.0,65.0,172.0,0.215,1
7.744166666666666,2.53625,7.0,287.0,0.07,140.0,2.0,0.014,34.0,0.013,434.8484848484848,108.0,32.0,150.0,0.095,1
7.740416666666667,2.749166666666667,8.0,302.0,0.041,132.0,2.4,0.012,37.0,0.0,457.5757575757576,90.0,42.0,165.0,0.127,1
7.634166666666666,3.231666666666667,8.0,280.0,0.019,124.0,2.4,0.018,39.0,0.01,424.24242424242425,80.0,44.0,160.0,0.052,1
7.560416666666666,2.6283333333333334,10.0,390.0,0.059,138.0,2.4,0.02,51.0,0.01,590.9090909090909,92.0,46.0,190.0,0.093,1
8.98772101424764,4.457499999999999,6.0,289.0,0.0441,128.0,3.2,0.012,40.0,0.0,437.8787878787879,80.0,48.0,165.0,0.058,0
6.221541713760528,3.2575000000000003,8.0,286.0,0.0317,128.0,59.379210181668306,0.019,40.0,0.0144,433.3333333333333,74.0,54.0,150.0,0.156,0
7.750000000000001,2.58625,8.0,368.0,0.084,129.0,2.4,0.016,51.0,0.034,557.5757575757575,64.0,64.0,162.0,0.196,1
7.862499999999998,3.5400000000000005,8.0,141.0,0.1094,40.0,2.8,0.014,15.0,0.0275,213.63636363636363,32.0,8.0,70.0,0.107,1
3.865876134199909,23.411470231125286,55.150905038051576,2273.6596175822606,0.36378247655326984,1221.7419689431154,14.932237865575853,0.1348422928064046,266.0696962561828,0.11118727986619278,2595.164268678677,588.1597429020136,382.2999095087361,1301.8335757076457,1.2863181748961217,0
8.08375,3.909166666666666,9.0,819.6885453946131,0.10415587981214502,143.0,2.8,0.011,46.0,0.08075805039439156,1267.9844420439447,65.0,79.0,172.0,0.09,0
7.531249999999999,2.4933333333333336,10.0,409.0,0.067,120.0,2.0,0.022,74.0,0.0144,619.6969696969696,80.0,40.0,180.0,0.093,1
8.062916666666665,2.40625,8.0,395.0,0.089,139.0,2.0,0.016,53.0,0.039,598.4848484848485,71.0,69.0,177.0,0.165,1
8.028333333333334,4.682916666666666,8.0,330.0,0.0399,156.0,3.6,0.017,50.0,0.0242,500.0,71.0,84.0,162.0,0.138,1
7.681249999999999,2.9112499999999994,8.0,324.0,0.0687,154.0,2.4,0.016,49.0,0.0167,490.9090909090909,84.0,68.0,170.0,0.068,1
6.221541713760528,2.6494166666666668,8.0,278.0,1.0782986642164503,116.0,2.4,0.014,40.0,0.0135,421.2121212121212,76.0,40.0,145.0,0.076,0
7.703333333333333,4.147083333333334,8.0,281.0,0.019,120.0,2.8,0.02,38.0,0.0104,425.75757575757575,80.0,40.0,150.0,0.055,1
7.852083333333333,2.529583333333333,8.0,369.0,0.009,127.0,2.0,0.017,50.0,0.033,559.090909090909,60.0,63.0,162.0,0.161,1
3.865876134199909,18.929948364523963,62.04476816780802,2587.9596235421614,1.0353078314440316,1125.288655605501,12.443531554646546,0.12735105431715993,412.40802919708335,0.20303764149478684,2953.907564643083,416.6131512222596,491.52845508266074,1301.8335757076457,1.7305143791767967,0
12.98185895291478,24.079624400327653,55.150905038051576,2173.351105041867,0.48441008627197807,1028.8353422678865,17.420944176505163,0.15731600827413872,299.32840828820565,0.14986111634139027,2480.671727413441,502.3864470621366,314.03206852503325,1264.6383306874272,0.860630145793808,0
7.739583333333333,8.116685583389057,28.89922047668898,343.0,0.127,146.0,11.188862018455414,0.014,40.0,0.016,519.6969696969696,112.0,34.0,170.0,0.132,0
7.707083333333333,2.6583333333333337,8.0,287.0,0.073,136.0,2.8,0.01,36.0,0.011,434.8484848484848,86.0,50.0,170.0,0.127,1
7.670416666666665,2.848333333333334,8.0,282.0,0.0169,120.0,2.4,0.016,40.0,0.0214,427.27272727272725,80.0,40.0,150.0,0.043,1
7.913749999999998,5.23625,8.0,279.546960568105,0.41086753641685636,38.0,4.8,0.019,16.0,0.0970878032314928,432.43400046585396,32.0,6.0,60.0,0.113,0
7.8379166666666675,8.812583901629287,28.89922047668898,135.0,0.0751,38.0,9.790254266148485,0.013,16.0,0.0291,204.54545454545453,30.0,8.0,70.0,0.101,0
7.899583333333331,7.78625,10.0,115.0,0.1347,40.0,6.8,0.014,16.0,0.0259,174.24242424242422,34.0,6.0,65.0,0.101,1
7.684166666666666,2.486666666666667,8.0,380.0,0.037,178.0,2.0,0.014,41.0,0.045,575.7575757575758,120.0,58.0,200.0,0.077,1
7.771666666666667,9.887289255486515,25.28681791710286,306.0,0.03,142.0,11.188862018455414,0.018,31.0,0.016,463.6363636363636,104.0,38.0,160.0,0.109,0
7.65625,3.5674999999999994,8.0,298.0,0.194,124.0,2.8,0.02,42.0,0.0155,451.5151515151515,80.0,44.0,165.0,0.087,1
7.715416666666667,2.8937499999999994,8.0,260.0,0.075,104.0,2.4,0.016,31.0,0.015,393.93939393939394,78.0,26.0,135.0,0.113,1
7.831250000000001,4.449999999999999,8.0,120.0,0.1443,38.0,3.2,0.015,17.0,0.0179,181.8181818181818,30.0,8.0,65.0,0.132,1
7.929999999999999,2.2466666666666666,8.0,385.0,0.069,138.0,2.0,0.013,65.0,0.02,583.3333333333333,70.0,68.0,172.0,0.099,1
7.855833333333332,3.2366666666666664,8.0,134.0,0.0166,42.0,2.8,0.016,16.0,0.0248,203.03030303030303,36.0,6.0,70.0,0.078,1
7.602499999999999,3.504583333333334,8.0,285.0,0.0172,126.0,3.2,0.022,42.0,0.0284,431.8181818181818,70.0,56.0,160.0,0.159,1
7.729583333333333,4.278333333333333,8.0,270.0,0.0,120.0,4.4,0.014,39.0,0.0075,409.09090909090907,64.0,56.0,155.0,0.168,1
7.85,2.5975,7.0,167.0,0.053,56.0,2.0,0.01,22.0,0.016,253.03030303030303,50.0,6.0,95.0,0.074,1
7.864166666666667,2.3425,9.0,410.0,0.025,150.0,2.0,0.016,62.0,0.025,621.2121212121211,75.0,75.0,172.0,0.117,1
8.98772101424764,7.894583333333333,10.0,164.0,0.1416,64.0,8.0,0.017,21.0,0.0225,1333.539688137713,58.0,6.0,80.0,0.106,0
7.8598695652173935,10.80391304347826,10.0,112.0,0.1319,38.0,10.4,0.013,17.0,0.028,169.6969696969697,30.0,8.0,55.0,0.1,1
7.934166666666666,3.454583333333334,9.0,372.0,0.029,125.0,2.8,0.015,57.0,0.027,563.6363636363636,65.0,61.0,177.0,0.222,1
7.835833333333333,2.3316666666666666,8.0,394.0,0.031,137.0,2.0,0.014,54.0,0.033,596.969696969697,75.0,62.0,162.0,0.12,1
8.98772101424764,9.194583333333336,10.0,138.0,0.1264,48.0,9.2,0.019,18.0,0.0263,209.0909090909091,40.0,8.0,138.45342603320753,0.111,0
3.865876134199909,19.132024259599802,55.150905038051576,1999.4830166385175,0.6933712999579295,1028.8353422678865,12.443531554646546,0.11985981582791522,246.1144690369691,0.0,2282.2179892203662,563.653086947763,245.76422754133037,1190.2478406469904,1.749022554355158,0
7.574583333333334,3.773333333333334,8.0,848.1170498591662,0.1288243776623899,156.0,2.4,0.016,42.0,0.0,1311.9607810743705,102.0,54.0,185.0,0.108,0
7.931666666666666,7.894583333333333,10.0,164.0,0.1416,64.0,8.0,0.017,21.0,0.0225,248.48484848484847,58.0,6.0,80.0,0.106,1
3.865876134199909,22.042569006417967,55.150905038051576,2828.700053639107,0.6933712999579295,1639.7063267394442,17.420944176505163,0.10487733884942581,385.8010595714651,0.14502688678199058,3228.689663679648,784.2129905360181,518.8355914761419,1636.5907808896118,0.6107697808859283,0
7.66611111111111,4.035,8.0,293.0,0.1693,126.0,3.2,0.019,40.0,0.0186,443.93939393939394,84.0,42.0,165.0,0.131,1
7.708749999999998,4.17875,8.0,272.0,0.0,120.0,3.6,0.017,40.0,0.009,412.1212121212121,66.0,54.0,150.0,0.185,1
7.669166666666666,3.541666666666666,8.0,310.0,0.0913,128.0,3.2,0.01,43.0,0.0219,469.6969696969697,84.0,44.0,170.0,0.06,1
8.98772101424764,5.935833333333334,8.0,344.0,0.0917,145.0,4.4,0.5968170115312352,45.0,0.0259,521.2121212121211,65.0,81.0,162.05106980217622,0.155,0
7.8775,7.334166666666666,8.0,135.0,0.1513,60.0,7.2,0.014,19.0,0.0263,204.54545454545453,54.0,6.0,65.0,0.1,1
6.221541713760528,3.05125,23.877259093227615,140.0,0.0637,42.0,2.4,0.013,18.0,0.0139,212.12121212121207,36.0,6.0,70.0,0.132,0
8.023749999999998,4.36875,8.0,330.0,0.0853,145.0,2.8,0.018,43.0,0.0441,500.0,65.0,81.0,162.0,0.142,1
7.668333333333332,2.813333333333334,8.0,287.0,0.0296,122.0,2.4,0.018,41.0,0.014,434.8484848484848,80.0,42.0,155.0,0.059,1
7.726249999999998,15.6625,15.0,284.28504464553055,0.581080171583546,40.0,13.2,0.012,17.0,0.06828805731878698,439.7633903042583,36.0,4.0,65.0,0.128,0
8.98772101424764,4.405833333333333,8.0,132.0,0.1761,44.0,2.8,0.014,19.0,0.5806506081200762,200.0,32.0,12.0,70.0,0.129,0
8.98772101424764,2.660416666666668,8.0,526.2166228429585,0.131,128.0,2.4,0.012,40.0,0.0229,472.7272727272727,74.0,54.0,140.0,0.073,0
7.913749999999998,5.23625,8.0,118.0,0.1499,38.0,4.8,0.019,16.0,0.0327,178.78787878787878,32.0,6.0,60.0,0.113,1
7.904000000000001,2.62,8.0,318.0,0.067,140.0,2.0,0.017,32.0,0.011,481.8181818181818,112.0,28.0,165.0,0.103,1
7.84625,9.287083333333332,10.0,126.0,0.2051,40.0,7.2,0.017,19.0,0.0285,190.9090909090909,32.0,8.0,60.0,0.1,1
6.221541713760528,2.62,8.0,318.0,0.067,140.0,2.0,0.017,32.0,0.011,481.8181818181818,112.0,28.0,166.72054841879466,0.103,0
7.7295833333333315,2.99375,8.0,291.0,0.0276,120.0,2.0,0.019,36.0,0.01,440.9090909090909,80.0,40.0,150.0,0.169,1
7.975416666666669,5.153333333333334,8.0,401.0,0.049,127.0,3.6,0.015,57.0,0.041,607.5757575757575,65.0,63.0,177.0,0.247,1
7.880416666666666,2.51,8.0,386.0,0.0812,144.0,2.0,0.016,56.0,0.026,584.8484848484849,66.0,78.0,175.0,0.205,1
6.221541713760528,2.367083333333333,8.0,398.0,0.023,144.0,2.0,0.01,58.0,0.029,603.030303030303,71.0,73.0,147.35996902891753,0.113,0
7.776666666666666,2.5387500000000003,9.0,376.0,0.042,131.0,2.0,0.015,51.0,0.033,569.6969696969696,67.0,64.0,167.0,0.162,1
7.984782608695652,6.627391304347826,10.0,954.7239416012401,0.3069857510252696,131.0,6.4,0.017,56.0,0.10985470090413557,1476.8720524384676,67.0,65.0,182.0,0.241,0
7.752916666666667,2.5579166666666664,7.0,346.0,0.084,162.0,2.0,0.014,40.0,0.015,524.2424242424242,116.0,46.0,170.0,0.133,1
7.750000000000001,5.051304347826087,8.0,271.0,0.0,120.0,4.8,0.021,40.0,0.0173,410.60606060606057,66.0,54.0,150.0,0.156,1
6.221541713760528,3.721666666666666,10.0,265.0,1.1733990997169592,120.0,58.79109514634572,0.016,38.0,0.0139,401.5151515151515,68.0,52.0,150.0,0.149,0
8.0875,5.903333333333333,8.0,353.0,0.076,129.0,4.8,0.013,44.0,0.023,534.8484848484849,73.0,57.0,172.0,0.147,1
7.774166666666667,4.639166666666667,10.0,420.0,0.086,180.0,4.4,0.016,61.0,0.008,636.3636363636364,106.0,74.0,200.0,0.102,1
7.771666666666667,9.887289255486515,25.28681791710286,306.0,0.03,142.0,11.188862018455414,0.018,31.0,0.016,463.6363636363636,104.0,38.0,160.0,0.109,0
8.98772101424764,2.5787500000000003,8.0,305.0,0.0699,140.0,2.8,0.5320758781692255,52.0,0.0338,462.1212121212121,84.08035714928769,80.0,165.0,0.201,0
3.865876134199909,18.84520686013732,41.36317877853868,1491.2532197671887,0.5698942191435037,707.324297809172,9.954825243717238,0.09738610036018111,152.99007534730512,0.17403226413838868,1702.1224468098383,416.6131512222596,136.53568196740576,818.2953904448059,1.1382527734692298,0
7.749166666666666,2.6245833333333337,8.0,290.0,0.085,134.0,2.4,0.014,37.0,0.002,439.3939393939394,92.0,42.0,165.0,0.12,1
7.981666666666668,2.4200000000000004,9.0,387.0,0.109,140.0,2.0,0.017,62.0,0.021,586.3636363636364,68.0,72.0,175.0,0.187,1
8.041500000000001,2.7870000000000004,9.0,390.0,0.023,126.0,2.4,0.014,54.0,0.033,590.9090909090909,66.0,60.0,177.0,0.137,1
7.91,2.924583333333334,9.0,375.0,0.079,135.0,2.4,0.016,60.0,0.035,568.1818181818181,71.0,64.0,172.0,0.201,1
7.689583333333332,2.9975,8.0,287.0,0.0877,122.0,2.4,0.018,39.0,0.0191,434.8484848484848,80.0,42.0,160.0,0.119,1
7.545833333333335,6.521652587911841,28.89922047668898,307.0,0.133,126.0,8.39164651384156,0.015,41.0,0.0218,465.1515151515151,72.0,54.0,140.0,0.07,0
3.865876134199909,19.940327839903166,55.150905038051576,2574.5851552034424,0.8928342766581557,1253.8930733889867,14.932237865575853,0.08989486187093641,286.0249234753965,0.08701613206919434,2938.6418924743843,759.7063345817675,218.4570911478492,1264.6383306874272,1.027203722399061,0
6.221541713760528,3.14875,8.0,291.0,0.0786,128.0,2.8,0.015,40.0,0.5258857771730883,440.9090909090909,84.0,44.0,165.0,0.119,0
7.704999999999999,2.8008333333333337,8.0,355.0,0.035,166.0,2.4,0.018,47.0,0.02,537.8787878787879,102.0,64.0,180.0,0.14,1
12.98185895291478,39.8904335456971,68.93863129756447,2387.3425984613737,0.5822419272249463,1004.7220139334829,19.909650487434476,0.10487733884942581,292.67666588180106,0.2832858521808216,2724.922482112611,398.2331592565717,416.43383000058753,1242.3211836752962,1.0919823355233262,0
7.708181818181816,2.976818181818182,8.0,288.0,0.0192,122.0,2.4,0.018,38.0,0.0183,436.3636363636363,78.0,44.0,160.0,0.182,1
7.790416666666666,2.705,7.0,324.0,0.08,148.0,2.4,0.016,38.0,0.015,490.9090909090909,108.0,40.0,170.0,0.132,1
8.034166666666666,5.321249999999999,9.0,346.0,0.038,145.0,4.4,0.013,47.0,0.0263,524.2424242424242,67.0,79.0,172.0,0.164,1
7.835833333333333,2.5691666666666664,7.0,386.153852310179,0.1754204291572969,50.0,2.4,0.014,19.0,0.09500947105222536,597.3452718299509,40.0,10.0,85.0,0.145,0
8.98772101424764,2.5058333333333334,8.0,356.0,0.0601,128.0,2.4,0.6081897890568695,50.0,0.0344,539.3939393939394,66.0,62.0,170.0,0.199,0
6.221541713760528,6.288333333333334,8.0,145.0,0.1319,48.0,57.80714650678141,0.011,20.0,0.0259,219.6969696969697,83.64611089799617,12.0,80.0,0.103,0
8.062500000000002,2.4025000000000003,9.0,425.0,0.078,130.0,2.0,0.01,53.0,0.035,643.9393939393939,68.0,62.0,172.0,0.131,1
7.829583333333336,2.535416666666667,9.0,370.0,0.066,131.0,2.4,0.013,51.0,0.0,560.6060606060606,65.0,67.0,162.0,0.102,1
7.739583333333332,2.6725,8.0,270.0,0.054,106.0,2.4,0.016,31.0,0.015,409.09090909090907,84.0,22.0,140.0,0.102,1
8.98772101424764,2.6429166666666664,8.0,192.0,0.114,84.0,2.0,0.013,23.0,0.011,290.9090909090909,66.0,18.0,146.9661219551596,0.5503566026159641,0
8.06875,4.734166666666668,9.0,305.0,0.0517,138.0,3.2,0.013,45.0,0.0115,462.1212121212121,70.0,68.0,167.0,0.148,1
7.638333333333333,2.4675,8.0,261.0,0.081,112.0,2.4,0.014,32.0,0.01,395.45454545454544,88.0,24.0,145.0,0.104,1
3.865876134199909,109.43061576082849,68.93863129756447,715.5340561214762,1.2262223948571054,273.2843877899073,69.68377670602065,0.11985981582791522,99.77613609606856,0.2301093270274251,816.7134610253485,183.79991965687924,27.30713639348115,409.14769522240294,1.0179496348098804,0
6.221541713760528,2.549583333333334,9.0,375.0,0.067,133.0,2.0,0.015,51.0,0.632014899401494,568.1818181818181,67.0,67.0,162.0,0.102,0
7.687499999999999,2.6494166666666668,8.0,278.0,0.013,116.0,2.4,0.014,40.0,0.0135,421.2121212121212,76.0,40.0,145.0,0.076,1
7.793749999999999,3.00375,7.0,178.0,0.066,56.0,2.0,0.014,19.0,0.012,269.6969696969697,46.0,10.0,90.0,0.072,1
7.551904761904762,6.687190654439497,28.89922047668898,295.0,0.0,130.0,9.790254266148485,0.017,43.0,0.0172,446.96969696969694,78.0,52.0,145.0,0.072,0
7.812916666666667,2.427083333333333,8.0,305.0,0.055,130.0,2.4,0.016,40.0,0.0,462.1212121212121,90.0,40.0,155.0,0.144,1
7.574166666666667,3.276666666666667,8.0,292.0,0.17,122.0,2.8,0.017,40.0,0.015,442.4242424242424,80.0,42.0,160.0,0.086,1
7.552916666666666,3.5916666666666672,8.0,268.0,0.0919,122.0,2.8,0.017,39.0,0.01,406.06060606060606,68.0,54.0,150.0,0.155,1
7.680416666666666,3.491666666666667,8.0,288.0,0.1566,124.0,2.8,0.016,39.0,0.0209,436.3636363636363,80.0,44.0,160.0,0.113,1
7.831666666666668,6.607841829161779,28.89922047668898,182.0,0.072,70.0,8.39164651384156,0.014,20.0,0.013,275.7575757575757,58.0,12.0,95.0,0.11,0
7.73875,5.187916666666667,8.0,280.0,0.0,122.0,4.8,0.022,41.0,0.026,424.24242424242425,70.0,52.0,155.0,0.146,1
7.669166666666665,2.6724999999999994,8.0,287.0,0.0,122.0,2.8,0.016,39.0,0.0192,434.8484848484848,80.0,42.0,150.0,0.132,1
7.528333333333332,3.3675,8.0,280.0,0.01,120.0,2.8,0.02,37.0,0.033,424.24242424242425,78.0,42.0,155.0,0.066,1
7.835833333333333,2.5691666666666664,7.0,163.0,0.064,50.0,2.4,0.014,19.0,0.032,246.96969696969697,40.0,10.0,85.0,0.145,1
7.682500000000001,3.441666666666667,8.0,308.0,0.079,142.0,3.2,0.013,37.0,0.0,466.6666666666666,90.0,52.0,170.0,0.105,1
6.221541713760528,2.5033333333333334,8.0,296.0,0.062,130.0,68.3567287850747,0.015,35.0,0.0,448.4848484848485,82.0,48.0,160.0,0.089,0
6.221541713760528,4.48125,8.0,130.0,0.0351,40.0,64.68052144181202,0.014,16.0,0.0231,196.96969696969697,30.0,10.0,65.0,0.085,0
7.880000000000002,6.153333333333332,10.0,371.0,0.139,168.0,3.2,0.015,54.0,0.021,562.1212121212121,114.0,54.0,185.0,0.126,1
7.77875,7.611249999999999,10.0,114.0,0.154,36.0,6.8,0.015,15.0,0.0242,172.72727272727272,30.0,6.0,55.0,0.1,1
7.765,2.2743478260869567,8.0,340.0,0.054,150.0,2.0,0.014,36.0,0.02,515.1515151515151,112.0,38.0,160.0,0.105,1
12.98185895291478,20.403146825399446,55.150905038051576,1859.0510990819662,0.2640509882031567,964.5331333761436,14.932237865575853,0.0824036233816917,259.41795384977826,0.09668459118799373,2121.928431449036,477.87979110788604,286.72493213155207,1078.662105586335,0.5459911677616631,0
7.8379166666666675,3.450833333333334,8.0,135.0,0.0751,38.0,2.8,0.013,16.0,0.0291,204.54545454545453,30.0,8.0,70.0,0.101,1
7.574166666666669,2.6899999999999995,8.0,341.0,0.0366,152.0,2.4,0.015,43.0,0.0185,516.6666666666666,100.0,52.0,170.0,0.119,1
8.005833333333333,4.485833333333334,9.0,798.3671670461983,0.19022152786744384,143.0,3.2,0.017,46.0,0.08075805039439156,1235.0021877711254,73.0,71.0,162.0,0.139,0
8.98772101424764,2.66625,8.0,376.0,0.045,131.0,2.0,0.013,59.0,0.033,569.6969696969696,67.0,33.33702673450733,143.98373422932718,0.215,0
7.660416666666666,3.827083333333334,8.0,291.0,0.1566,126.0,4.0,0.0111,40.0,0.02,440.9090909090909,82.0,44.0,160.0,0.149,1
6.221541713760528,3.993333333333334,8.0,290.0,0.0,122.0,3.6,0.02,41.0,0.0154,439.3939393939394,68.0,41.26182534959702,155.0,0.157,0
7.607500000000002,3.64625,8.0,278.0,0.0036,126.0,2.8,0.012,40.0,0.001,421.2121212121212,76.0,50.0,150.0,0.192,1
6.221541713760528,3.555416666666668,8.0,287.0,0.1603,126.0,2.8,0.017,38.0,0.6154112809724275,434.8484848484848,84.0,42.0,160.0,0.5638688668323778,0
7.945833333333333,2.4133333333333336,8.0,368.0,0.0862,142.0,2.0,0.015,61.0,0.0305,557.5757575757575,70.0,72.0,170.0,0.197,1
7.950833333333332,2.7616666666666667,8.0,389.0,0.101,140.0,2.0,0.013,57.0,0.015,589.3939393939394,72.0,68.0,170.0,0.181,1
7.574166666666669,2.6899999999999995,8.0,807.8433352010493,0.10031855792432916,152.0,2.4,0.015,43.0,0.054927350452067786,1249.660967447934,100.0,52.0,170.0,0.119,0
7.548333333333335,2.6012500000000007,8.0,326.0,0.0418,136.0,2.4,0.016,47.0,0.022,493.93939393939394,84.0,52.0,170.0,0.168,1
7.562916666666667,9.964965979082136,28.89922047668898,278.0,0.1044,124.0,13.986077523069266,0.015,39.0,0.0125,421.2121212121212,72.0,52.0,150.0,0.146,0
7.750833333333333,3.095416666666667,8.0,290.0,0.071,128.0,2.8,0.019,41.0,0.011,439.3939393939394,76.0,52.0,155.0,0.158,1
7.952083333333333,2.3216666666666663,8.0,365.0,0.0992,132.0,2.0,0.013,64.0,0.0175,553.030303030303,70.0,62.0,166.0,0.095,1
8.044583333333335,4.267083333333333,8.0,335.0,0.1677,152.0,3.2,0.014,46.0,0.0373,507.5757575757576,73.0,79.0,167.0,0.139,1
7.966666666666668,2.2391666666666663,8.0,400.0,0.058,140.0,2.0,0.014,70.0,0.0196,606.060606060606,74.0,66.0,172.0,0.11,1
8.98772101424764,31.892155981866754,10.0,357.0,0.0613,125.0,3.2,0.014,44.0,0.0293,540.9090909090909,65.0,61.0,167.0,0.118,0
7.742916666666667,3.2575000000000003,8.0,286.0,0.0317,128.0,2.8,0.019,40.0,0.0144,433.3333333333333,74.0,54.0,150.0,0.156,1
7.596666666666668,2.710416666666666,8.0,319.0,0.0,124.0,2.4,0.019,41.0,0.01,483.3333333333333,76.0,52.0,140.0,0.069,1
7.715416666666667,7.38992938865194,28.89922047668898,260.0,0.075,104.0,8.39164651384156,0.016,31.0,0.015,393.93939393939394,78.0,26.0,135.0,0.113,0
12.98185895291478,36.631144915441595,55.150905038051576,2206.7872758886647,0.3789796557304299,1253.8930733889867,22.398356798363782,0.12735105431715993,332.5871203202285,0.2339767106749448,2518.835907835187,434.9931431879475,573.4498642631041,1205.1259386550778,1.277064087306941,0
7.630833333333332,3.938749999999999,8.0,281.0,0.029,120.0,3.6,0.021,40.0,0.011,425.75757575757575,76.0,44.0,150.0,0.08,1
12.98185895291478,33.96178752726233,55.150905038051576,842.5915053393084,0.14437320218302094,321.51104445871454,34.841888353010326,0.1348422928064046,113.07962090887769,0.1924023364641075,961.7373466279804,208.3065756111298,40.960704590221724,483.5381852628398,0.7125647443669163,0
7.815833333333333,6.457916666666666,10.0,140.0,0.1775,54.0,7.2,0.012,17.0,0.0242,212.12121212121207,44.0,10.0,75.0,0.137,1
8.06875,4.87125,9.0,307.0,0.0149,127.0,3.6,0.016,43.0,0.0149,465.1515151515151,65.0,63.0,167.0,0.124,1
7.932916666666667,3.8075,9.0,353.0,0.068,137.0,2.8,0.016,60.0,0.036,534.8484848484849,67.0,71.0,162.0,0.222,1
7.958750000000002,4.59475,8.0,367.0,0.025,129.0,3.2,0.017,53.0,0.034,556.060606060606,67.0,63.0,182.0,0.224,1
8.012500000000001,2.4233333333333325,8.0,374.0,0.064,133.0,2.0,0.014,54.0,0.011,566.6666666666666,67.0,67.0,172.0,0.12,1
7.841250000000001,3.1237500000000007,8.0,158.0,0.0594,46.0,2.8,0.014,19.0,0.0069,239.39393939393935,32.0,14.0,75.0,0.152,1
7.828333333333333,3.16375,10.0,370.0,0.083,152.0,2.8,0.013,49.0,0.022,560.6060606060606,96.0,56.0,175.0,0.14,1
7.828333333333333,8.079443318651432,36.12402559586123,370.0,0.083,152.0,9.790254266148485,0.013,49.0,0.022,560.6060606060606,96.0,56.0,175.0,0.14,0
7.857500000000002,2.395416666666667,9.0,384.0,0.084,144.0,2.0,0.015,62.0,0.0,581.8181818181818,71.0,73.0,172.0,0.1,1
8.08375,3.909166666666666,9.0,346.0,0.038,143.0,2.8,0.011,46.0,0.0272,524.2424242424242,65.0,79.0,172.0,0.09,1
7.56375,3.5149999999999992,9.0,295.0,0.0379,132.0,3.2,0.022,43.0,0.0158,446.96969696969694,74.0,58.0,160.0,0.164,1
7.8083333333333345,2.875833333333334,8.0,994.997656259357,0.2795763089694419,198.0,2.4,0.017,57.0,0.09204042508184332,1539.171866064904,124.0,74.0,220.0,0.153,0
7.8545833333333315,2.407083333333334,8.0,176.0,0.015,58.0,2.0,0.014,20.0,0.03,266.66666666666663,48.0,8.0,90.0,0.139,1
8.98772101424764,3.64625,8.0,278.0,0.0036,126.0,2.8,0.012,40.0,0.001,1309.2690162139716,76.0,50.0,150.0,0.192,0
7.668333333333332,3.522916666666667,8.0,281.0,0.0,120.0,3.2,0.016,37.0,0.0133,425.75757575757575,78.0,42.0,150.0,0.055,1
7.966666666666668,2.2391666666666663,8.0,947.6168154851018,0.1589747639238003,140.0,2.0,0.014,70.0,0.05819330101948803,1465.8779676808608,74.0,66.0,172.0,0.11,0
7.55125,2.8775,8.0,320.0,0.0,138.0,2.8,0.012,48.0,0.015,484.8484848484848,90.0,48.0,170.0,0.134,1
12.98185895291478,19.317803711524363,55.150905038051576,2494.3383451711275,0.921328987615331,1133.3264317169687,14.932237865575853,0.08989486187093641,412.40802919708335,0.0,2847.047859462196,410.48648723369695,512.0088073777716,1242.3211836752962,1.101236423112507,0
7.827916666666669,2.540833333333334,7.0,170.0,0.062,54.0,2.0,0.012,19.0,0.033,257.5757575757576,46.0,8.0,90.0,0.136,1
8.98772101424764,2.70375,9.0,426.0,0.105,144.0,2.4,0.02,62.0,0.036,645.4545454545454,71.0,73.0,172.0,0.6210284131391526,0
6.221541713760528,2.3716666666666666,8.0,352.0,0.0959,146.0,2.0,0.012,64.0,0.0175,533.3333333333333,68.0,78.0,156.0,0.6820127576418321,0
7.680833333333332,2.549583333333333,8.0,677.5460230718478,0.21653459224103835,140.0,2.4,0.015,34.0,0.03265950567420247,1048.1027468918155,90.0,50.0,165.0,0.127,0
7.811666666666667,4.411666666666666,8.0,344.0,0.1065,162.0,2.8,0.017,49.0,0.026,521.2121212121211,112.0,50.0,175.0,0.145,1
8.98772101424764,2.5849999999999995,8.0,392.0,0.021,180.0,58.93620482258694,0.019,42.0,0.04,593.9393939393939,120.0,60.0,205.0,0.077,0
8.02125,5.649583333333332,9.0,323.0,0.0486,137.0,4.4,0.015,52.0,0.0268,489.3939393939394,67.0,71.0,167.0,0.137,1
8.095,2.381666666666667,9.0,907.343100826985,0.10689682401772779,128.0,2.0,0.012,54.0,0.09204042508184332,1403.5781540544242,66.0,62.0,172.0,0.145,0
7.805,7.375833333333333,15.0,369.0,0.102,164.0,2.8,0.018,55.0,0.025,559.090909090909,112.0,52.0,180.0,0.157,1
7.789583333333334,2.97875,8.0,276.0,0.041,124.0,2.4,0.017,34.0,0.005,418.1818181818182,82.0,42.0,160.0,0.139,1
6.221541713760528,4.010833333333333,8.0,284.0,0.0641,124.0,3.2,0.5555141250758735,39.0,0.0,430.3030303030303,80.0,44.0,165.0,0.5266094840329102,0
7.65125,3.2516666666666656,8.0,290.0,0.088,138.0,3.2,0.016,36.0,0.0,439.3939393939394,90.0,48.0,165.0,0.109,1
7.574166666666667,8.367804854191343,28.89922047668898,292.0,0.17,122.0,9.790254266148485,0.017,40.0,0.015,442.4242424242424,80.0,42.0,160.0,0.086,0
7.5225,4.597916666666666,8.0,277.0,0.1106,124.0,4.4,0.019,41.0,0.0183,419.6969696969697,70.0,54.0,155.0,0.157,1
7.822916666666668,2.769166666666667,8.0,333.0,0.1,162.0,2.4,0.014,46.0,0.001,504.5454545454545,108.0,54.0,180.0,0.082,1
7.719166666666667,3.578333333333333,8.0,279.0,0.0586,126.0,3.2,0.013,39.0,0.0,422.7272727272727,80.0,46.0,160.0,0.081,1
8.081666666666665,4.4870833333333335,9.0,349.0,0.0333,149.0,2.8,0.017,46.0,0.0399,528.7878787878788,71.0,79.0,172.0,0.135,1
7.813750000000002,3.46375,10.0,386.0,0.06,150.0,3.6,0.017,58.0,0.0,584.8484848484849,92.0,58.0,180.0,0.142,1
8.055833333333334,5.658333333333332,10.0,351.0,0.0419,131.0,4.0,0.013,49.0,0.0242,531.8181818181818,67.0,65.0,162.0,0.157,1
7.655416666666665,2.6758333333333333,8.0,257.0,0.087,108.0,2.4,0.011,31.0,0.011,389.3939393939394,82.0,26.0,145.0,0.104,1
8.98772101424764,4.17875,8.0,272.0,0.0,120.0,3.6,0.017,40.0,0.009,412.1212121212121,66.0,38.61442579934397,150.0,0.185,0
12.98185895291478,30.61449810398993,62.04476816780802,2561.2106868647234,0.6354320543450066,1181.553088385776,17.420944176505163,0.1123685773386705,345.89060513303764,0.3490313741886574,2923.3762203056863,410.48648723369695,552.9695119679933,1316.711673715733,0.8328678830262658,0
7.737916666666667,2.733333333333333,8.0,302.0,0.035,124.0,2.4,0.012,41.0,0.0,457.5757575757576,80.0,44.0,155.0,0.081,1
7.656250000000001,2.296250000000001,8.0,658.5936867621458,0.21105270382987282,110.0,2.0,0.017,33.0,0.038597597614966554,1018.7851875381983,90.0,20.0,140.0,0.105,0
7.759166666666666,2.464583333333333,7.0,339.0,0.051,154.0,2.0,0.014,37.0,0.019,513.6363636363636,112.0,42.0,170.0,0.132,1
8.98772101424764,2.69,8.0,287.0,0.001,122.0,64.207294457499,0.5689005922856657,39.0,0.0168,434.8484848484848,80.0,33.45898561830338,150.0,0.139,0
7.970416666666668,2.3783333333333334,8.0,348.0,0.0959,126.0,2.0,0.015,61.0,0.0123,527.2727272727273,64.0,62.0,160.0,0.092,1
7.667083333333333,3.0541666666666667,8.0,312.0,0.0158,136.0,3.2,0.016,46.0,0.0,472.7272727272727,86.0,50.0,165.0,0.177,1
7.742083333333331,2.7770833333333336,8.0,296.0,0.061,138.0,2.8,0.016,37.0,0.0,448.4848484848485,88.0,50.0,170.0,0.109,1
7.622916666666668,2.6220833333333338,8.0,310.0,0.105,130.0,2.4,0.015,41.0,0.0252,469.6969696969697,72.0,58.0,140.0,0.093,1
7.802916666666668,2.568333333333334,8.0,181.0,0.083,72.0,2.4,0.013,19.0,0.011,274.24242424242425,60.0,12.0,90.0,0.116,1
7.660833333333333,8.224156118774781,28.89922047668898,300.0,0.0768,130.0,9.790254266148485,0.018,41.0,0.0242,454.5454545454545,84.0,46.0,165.0,0.08,0
7.730833333333333,3.3370833333333336,8.0,280.0,0.1023,124.0,3.2,0.021,40.0,0.0,424.24242424242425,72.0,52.0,150.0,0.151,1
7.810416666666669,4.341666666666666,8.0,126.0,0.0152,40.0,5.6,0.018,17.0,0.0199,190.9090909090909,34.0,6.0,65.0,0.077,1
7.998333333333334,2.286666666666666,9.0,390.0,0.071,131.0,1.6,0.016,54.0,0.016,590.9090909090909,67.0,64.0,172.0,0.165,1
7.716250000000001,3.8675,8.0,281.0,0.0459,122.0,2.8,0.013,40.0,0.01,425.75757575757575,74.0,48.0,155.0,0.073,1
7.755217391304348,3.80913043478261,8.0,272.0,0.166,126.0,3.2,0.018,34.0,0.011,412.1212121212121,86.0,40.0,165.0,0.083,1
7.843333333333335,2.3679166666666664,9.0,405.0,0.089,150.0,2.0,0.012,64.0,0.0,613.6363636363636,73.0,77.0,167.0,0.106,1
7.551904761904762,2.618571428571428,8.0,295.0,0.0,130.0,2.8,0.017,43.0,0.0172,446.96969696969694,78.0,52.0,145.0,0.072,1
7.840833333333335,2.515833333333333,8.0,213.0,0.118,82.0,2.0,0.016,23.0,0.015,322.7272727272727,66.0,16.0,105.0,0.108,1
7.8083333333333345,2.875833333333334,8.0,420.0,0.102,198.0,2.4,0.017,57.0,0.031,636.3636363636364,124.0,74.0,220.0,0.153,1
7.881666666666668,2.4525,8.0,290.0,0.053,124.0,2.4,0.014,39.0,0.0,439.3939393939394,82.0,42.0,150.0,0.128,1
7.989166666666666,2.3145833333333337,8.0,481.0,0.053,136.0,2.0,0.013,71.0,0.026,728.7878787878788,72.0,64.0,172.0,0.11,1
7.551904761904762,6.687190654439497,28.89922047668898,295.0,0.0,130.0,9.790254266148485,0.017,43.0,0.0172,446.96969696969694,78.0,52.0,145.0,0.072,0
7.985714285714285,4.989285714285714,9.0,398.0,0.099,144.0,4.0,0.015,56.0,0.011,603.030303030303,70.0,74.0,165.0,0.184,1
7.8016666666666685,13.98958333333333,10.0,107.0,0.1291,34.0,11.2,0.016,15.0,0.0238,162.12121212121212,30.0,4.0,55.0,0.11,1
7.853333333333333,3.3654166666666665,10.0,952.3548995625274,0.2658715879415281,196.0,2.4,0.016,50.0,0.07422614925955107,1473.207357519265,122.0,74.0,205.0,0.088,0
7.706250000000001,2.6029166666666668,8.0,286.0,0.087,138.0,2.4,0.014,35.0,0.008,433.3333333333333,88.0,50.0,165.0,0.119,1
7.830833333333334,2.4770833333333333,8.0,325.0,0.069,130.0,2.0,0.016,37.0,0.0,492.4242424242424,96.0,34.0,165.0,0.222,1
8.005416666666665,4.15,9.0,321.0,0.0459,153.0,3.2,0.015,44.0,0.0314,486.3636363636363,67.0,86.0,157.0,0.139,1
12.98185895291478,19.633954708659147,55.150905038051576,2581.272389372802,0.771256843240875,1157.4397600513723,12.443531554646546,0.11985981582791522,372.4975747586559,0.2513799370887837,2946.274728558734,404.35982324513435,532.4891596728825,1301.8335757076457,1.8970879557820497,0
7.548333333333335,2.992916666666668,8.0,340.0,0.0383,152.0,2.4,0.018,40.0,0.0115,515.1515151515151,96.0,56.0,175.0,0.139,1
7.548333333333335,2.992916666666668,8.0,805.4742931623366,0.10497816307381987,152.0,2.4,0.018,40.0,0.03414402865939349,1245.9962725287319,96.0,56.0,175.0,0.139,0
8.98772101424764,7.375833333333333,15.0,369.0,0.102,164.0,65.00542864725108,0.018,55.0,0.025,559.090909090909,112.0,52.0,180.0,0.157,0
7.723333333333333,3.9870833333333344,10.0,275.0,0.169,128.0,3.6,0.018,37.0,0.012,416.6666666666666,86.0,42.0,155.0,0.112,1
7.92875,2.5817083333333337,8.0,390.0,0.099,140.0,2.0,0.016,58.0,0.009,590.9090909090909,66.0,74.0,165.0,0.187,1
7.752083333333334,2.6208333333333336,8.0,378.0,0.12,164.0,2.4,0.011,41.0,0.011,572.7272727272727,124.0,40.0,175.0,0.141,1
7.538750000000001,3.7816666666666654,8.0,273.0,0.0795,124.0,3.2,0.02,40.0,0.01,413.6363636363636,70.0,54.0,155.0,0.137,1
7.737083333333334,3.257916666666667,8.0,300.0,0.0,118.0,2.8,0.02,36.0,0.0,454.5454545454545,84.0,34.0,160.0,0.159,1
7.825416666666669,3.1208333333333336,8.0,415.0,0.097,182.0,2.8,0.014,58.0,0.013,628.7878787878788,120.0,62.0,215.0,0.083,1
8.98772101424764,3.555416666666668,8.0,287.0,0.1603,126.0,2.8,0.017,38.0,0.6154112809724275,434.8484848484848,84.0,42.0,160.0,0.5638688668323778,0
7.742083333333333,6.346666666666667,10.0,120.0,0.1665,40.0,9.2,0.014,18.0,0.0352,181.8181818181818,26.0,14.0,55.0,0.128,1
3.865876134199909,20.781224306509085,55.150905038051576,2888.885161163343,0.921328987615331,1671.8574311853156,14.932237865575853,0.12735105431715993,405.75628679067876,0.11602150942559247,3297.3851884387896,796.4663185131434,532.4891596728825,1673.7860259098302,0.5922616057075668,0
7.613333333333333,2.729166666666666,8.0,308.0,0.113,132.0,2.4,0.022,42.0,0.0269,466.6666666666666,74.0,58.0,145.0,0.06,1
7.9224999999999985,6.032182822788748,28.89922047668898,331.0,0.1008,132.0,6.993038761534633,0.016,63.0,0.0194,501.5151515151515,68.0,64.0,162.0,0.093,0
8.98772101424764,6.627391304347826,10.0,403.0,0.112,131.0,6.4,0.017,56.0,0.5940710066916577,1351.141616409086,67.0,65.0,182.0,0.241,0
7.727916666666666,2.512916666666666,8.0,408.0,0.012,184.0,2.4,0.018,55.0,0.028,618.1818181818181,112.0,72.0,205.0,0.16,1
7.705833333333332,2.874166666666667,8.0,677.5460230718478,0.14965555362481892,128.0,2.4,0.015,38.0,0.029690459703820428,1048.1027468918155,76.0,52.0,150.0,0.145,0
7.539999999999999,2.79125,8.0,311.0,0.0297,136.0,2.4,0.015,40.0,0.0,471.2121212121212,88.0,48.0,170.0,0.114,1
7.574583333333334,3.773333333333334,8.0,358.0,0.047,156.0,2.4,0.016,42.0,0.0,542.4242424242424,102.0,54.0,185.0,0.108,1
7.959166666666667,3.620833333333333,8.0,365.0,0.03,125.0,2.4,0.015,54.0,0.034,553.030303030303,65.0,61.0,172.0,0.203,1
7.824583333333334,2.87125,8.0,370.0,0.037,164.0,2.4,0.015,54.0,0.02,560.6060606060606,110.0,54.0,180.0,0.141,1
7.808333333333334,4.110416666666667,7.0,312.0,0.05,140.0,3.2,0.016,32.0,0.016,472.7272727272727,102.0,38.0,160.0,0.107,1
12.98185895291478,23.64287972387342,55.150905038051576,1945.9851432836408,0.34953512107468226,964.5331333761436,17.420944176505163,0.12735105431715993,259.41795384977826,0.0,2221.1553005455735,465.6264631307607,300.37850032829266,1115.8573506065534,0.7680892699020008,0
7.747083333333332,2.866666666666667,8.0,679.9150651105606,0.11539375105503435,120.0,2.4,0.017,37.0,0.020783321792674298,1051.7674418110178,74.0,46.0,160.0,0.179,0
7.892083333333332,2.690416666666667,8.0,382.0,0.078,142.0,2.4,0.015,54.0,0.026,578.7878787878788,64.0,78.0,175.0,0.197,1
8.98772101424764,41.526085446963535,8.0,265.0,0.054,134.0,2.4,0.017,336.8070484182405,0.011,401.5151515151515,100.0,34.0,160.0,0.104,0
6.221541713760528,3.330416666666667,8.0,283.0,1.2774873757722178,120.0,2.0,0.02,37.0,0.015,428.7878787878788,80.0,42.0,155.0,0.053,0
7.747083333333332,2.866666666666667,8.0,287.0,0.0421,120.0,2.4,0.017,37.0,0.007,434.8484848484848,74.0,46.0,160.0,0.179,1
7.9987499999999985,2.70875,9.0,389.0,0.1008,134.0,2.4,0.016,59.0,0.026,589.3939393939394,66.0,68.0,175.0,0.209,1
8.98772101424764,3.36125,7.0,334.0,0.108,148.0,3.2,0.014,41.0,0.018,506.06060606060606,82.08533845711197,38.0,170.0,0.132,0
7.82875,6.511011940843951,32.511623036275104,375.0,0.067,133.0,6.993038761534633,0.015,51.0,0.0,568.1818181818181,67.0,67.0,162.0,0.102,0
8.98772101424764,2.967083333333333,8.0,186.0,0.078,74.0,2.4,0.5719830999557775,22.0,0.011,281.8181818181818,62.0,10.0,100.0,0.11,0
6.221541713760528,5.132499999999999,8.0,290.0,1.178264074604001,122.0,4.0,0.018,40.0,0.0172,439.3939393939394,82.0,40.0,165.0,0.076,0
7.852916666666668,2.56625,7.0,164.0,0.081,54.0,2.4,0.015,20.0,0.038,248.48484848484847,46.0,8.0,90.0,0.134,1
7.739583333333333,2.850833333333334,8.0,323.0,0.0428,136.0,2.4,0.015,43.0,0.0,489.3939393939394,90.0,46.0,175.0,0.109,1
8.98772101424764,40.192624539769675,8.0,267.0,0.0,120.0,4.4,0.016,39.0,0.0029,404.5454545454545,72.0,48.0,145.0,0.201,0
3.865876134199909,40.42169759242875,55.150905038051576,2206.7872758886647,0.4549655516162304,1189.5908644972437,22.398356798363782,0.1123685773386705,286.0249234753965,0.27071685532638246,2518.835907835187,410.48648723369695,552.9695119679933,1242.3211836752962,1.3881131383771097,0
7.832083333333334,4.405833333333333,8.0,132.0,0.1761,44.0,2.8,0.014,19.0,0.02,200.0,32.0,12.0,70.0,0.129,1
7.779583333333334,15.735,10.0,104.0,0.1236,34.0,12.0,0.018,14.0,0.0217,157.57575757575756,30.0,4.0,55.0,0.112,1
6.221541713760528,3.67875,15.0,450.0,0.074,230.0,2.0,0.6399944824875292,52.0,0.023,681.8181818181818,138.0,92.0,230.0,0.136,0
7.560416666666666,2.6283333333333334,10.0,923.9263950979744,0.16171570812938307,138.0,2.4,0.02,51.0,0.029690459703820428,1429.2310184888395,92.0,46.0,190.0,0.093,0
7.831666666666668,2.5875,8.0,182.0,0.072,70.0,2.4,0.014,20.0,0.013,275.7575757575757,58.0,12.0,95.0,0.11,1
12.98185895291478,19.402545215911008,55.150905038051576,1905.8617382674834,0.2944453465574769,964.5331333761436,14.932237865575853,0.09738610036018111,206.20401459854168,0.11602150942559247,2175.3582840394793,490.1331190850113,273.07136393481153,1078.662105586335,1.277064087306941,0
6.221541713760528,2.543333333333333,7.0,302.0,0.077,140.0,2.0,0.017,34.0,0.014,457.5757575757576,96.98810449229225,30.0,155.0,0.6378930883553489,0
7.8204166666666675,6.601457440921042,28.89922047668898,340.0,0.139,146.0,8.39164651384156,0.014,43.0,0.022,515.1515151515151,96.0,50.0,180.0,0.138,0
12.98185895291478,18.73765033533889,62.04476816780802,2567.8979210340826,0.7978519068009052,1157.4397600513723,12.443531554646546,0.1123685773386705,412.40802919708335,0.0,2931.0090563900353,434.9931431879475,498.35523918103104,1279.5164286955146,0.9254087589180732,0
7.600416666666667,7.238832200287854,25.28681791710286,326.0,0.063,128.0,9.790254266148485,0.019,46.0,0.0201,493.93939393939394,84.0,44.0,170.0,0.086,0
7.526666666666666,2.703333333333333,8.0,330.0,0.0366,144.0,2.4,0.012,48.0,0.0185,500.0,84.0,60.0,175.0,0.164,1
7.927916666666666,6.808950058744963,28.89922047668898,376.0,0.045,131.0,6.993038761534633,0.013,59.0,0.033,569.6969696969696,67.0,64.0,177.0,0.215,0
7.752916666666665,6.184999999999999,8.0,130.0,0.1609,50.0,5.2,0.019,18.0,0.0285,196.96969696969697,38.0,12.0,65.0,0.114,1
7.77,5.563333333333333,10.0,131.0,0.1734,52.0,4.8,0.016,16.0,0.0318,198.48484848484847,44.0,8.0,70.0,0.138,1
8.98772101424764,15.6625,15.0,120.0,0.212,40.0,13.2,0.012,17.0,0.023,181.8181818181818,36.0,4.0,129.2331562128093,0.128,0
7.571666666666666,2.8095833333333324,8.0,310.0,0.0089,132.0,2.4,0.014,47.0,0.018,469.6969696969697,82.0,50.0,160.0,0.162,1
8.154583333333333,4.781666666666667,9.0,345.0,0.0736,143.0,4.8,0.013,46.0,0.0268,522.7272727272727,67.0,77.0,177.0,0.145,1
7.852916666666668,2.4570833333333337,6.0,154.0,0.0694,48.0,2.0,0.016,18.0,0.0096,233.3333333333333,38.0,10.0,70.0,0.152,1
7.729583333333333,4.278333333333333,8.0,639.6413504524437,0.0,120.0,4.4,0.014,39.0,0.02226784477786532,989.4676281845811,64.0,56.0,155.0,0.168,0
7.550416666666668,2.7570833333333327,6.0,338.0,0.0383,150.0,2.0,0.017,39.0,0.016,512.1212121212121,90.0,60.0,175.0,0.12,1
8.071666666666667,2.53,8.0,938.1406473302509,0.22475742485778666,135.0,2.0,0.013,52.0,0.10985470090413557,1451.2191880040523,69.0,67.0,172.0,0.152,0
8.055833333333334,3.913749999999999,9.0,383.0,0.0669,147.0,2.8,0.015,52.0,0.0361,580.3030303030303,67.0,81.0,177.0,0.09,1
7.564166666666668,2.7575,8.0,323.0,0.0634,138.0,2.4,0.014,42.0,0.0,489.3939393939394,88.0,50.0,175.0,0.135,1
7.729999999999998,3.132916666666667,8.0,293.0,0.0712,122.0,2.4,0.012,35.0,0.011,443.93939393939394,82.0,40.0,155.0,0.175,1
8.174583333333334,6.110416666666667,8.0,347.0,0.028,127.0,5.2,0.014,44.0,0.027,525.7575757575758,67.0,61.0,172.0,0.164,1
8.98772101424764,6.59375,10.0,160.0,0.1692,68.0,6.4,0.017,12.0,0.0247,242.4242424242424,50.0,36.86909518803985,75.0,0.105,0
7.842916666666668,3.05125,8.0,140.0,0.0637,42.0,2.4,0.013,18.0,0.0139,212.12121212121207,36.0,6.0,70.0,0.132,1
7.930416666666666,7.522083333333335,8.0,396.0,0.02,129.0,4.8,0.019,51.0,0.034,600.0,65.0,65.0,167.0,0.248,1
6.221541713760528,34.35738861853867,8.0,322.0,0.0262,142.0,2.8,0.015,39.0,0.0,487.8787878787879,92.0,50.0,165.0,0.121,0
7.668749999999999,3.052083333333333,8.0,466.0,0.026,202.0,2.4,0.017,65.0,0.018,706.060606060606,130.0,72.0,230.0,0.109,1
7.735833333333333,3.4308333333333327,8.0,274.0,0.014,124.0,3.2,0.013,33.0,0.013,415.1515151515151,82.0,42.0,155.0,0.148,1
6.221541713760528,31.957839603421558,8.0,340.0,0.054,150.0,2.0,0.014,36.0,0.02,515.1515151515151,112.0,38.0,160.0,0.105,0
7.8325,2.817916666666667,8.0,423.0,0.073,204.0,2.8,0.014,58.0,0.015,640.9090909090909,128.0,76.0,220.0,0.066,1
7.814999999999999,4.932499999999998,10.0,126.0,0.018,36.0,4.0,0.015,17.0,0.021,190.9090909090909,30.0,6.0,60.0,0.09,1
7.860416666666667,10.972083333333336,10.0,130.0,0.1029,44.0,10.4,0.016,15.0,0.0225,196.96969696969697,38.0,6.0,70.0,0.118,1
8.98772101424764,2.761375,8.0,281.0,1.0585105882510089,126.0,2.4,0.018,34.0,0.0,425.75757575757575,86.0,40.0,155.0,0.128,0
7.562916666666667,3.9020833333333336,8.0,278.0,0.1044,124.0,4.0,0.015,39.0,0.0125,421.2121212121212,72.0,52.0,150.0,0.146,1
7.741666666666666,2.6195833333333334,8.0,285.0,0.063,132.0,2.8,0.011,37.0,0.001,431.8181818181818,90.0,42.0,160.0,0.111,1
7.980833333333332,2.401666666666666,8.0,387.0,0.081,136.0,2.4,0.014,56.0,0.01,586.3636363636364,68.0,68.0,175.0,0.182,1
8.98772101424764,3.27625,8.0,134.0,0.0994,38.0,56.328373842528734,0.013,17.0,0.0259,203.03030303030303,28.0,10.0,65.0,0.094,0
7.833333333333335,2.55125,8.0,155.0,0.0437,52.0,2.0,0.015,19.0,0.0069,234.84848484848484,42.0,10.0,80.0,0.151,1
7.721249999999998,2.69,8.0,287.0,0.001,122.0,2.8,0.015,39.0,0.0168,434.8484848484848,80.0,42.0,150.0,0.139,1
6.221541713760528,2.409166666666667,6.0,572.1471584147413,0.06,88.0,1.6,0.013,23.0,0.018,337.8787878787879,68.0,20.0,110.0,0.123,0
7.777916666666667,2.4766666666666666,9.0,360.0,0.063,133.0,2.4,0.014,54.0,0.033,545.4545454545454,62.0,71.0,162.0,0.158,1
8.98772101424764,34.03944905445474,8.0,269.0,0.1106,122.0,3.2,0.019,41.0,0.0154,407.5757575757576,68.0,54.0,155.0,0.153,0
7.662083333333332,3.080416666666668,8.0,255.0,0.086,104.0,2.8,0.013,31.0,0.016,386.3636363636363,80.0,24.0,130.0,0.116,1
7.695,2.6475000000000004,10.0,276.0,0.081,126.0,2.4,0.02,36.0,0.001,418.1818181818182,88.0,40.0,155.0,0.201,1
8.03208333333333,4.807499999999999,9.0,360.0,0.0949,141.0,3.6,0.015,46.0,0.0255,545.4545454545454,69.0,73.0,167.0,0.143,1
8.98772101424764,3.721666666666666,10.0,265.0,1.1733990997169592,120.0,58.79109514634572,0.016,38.0,0.0139,401.5151515151515,68.0,52.0,150.0,0.149,0
7.450416666666666,2.7975000000000008,8.0,318.0,0.0245,140.0,2.8,0.013,48.0,0.018,481.8181818181818,88.0,52.0,170.0,0.159,1
7.853333333333333,3.3654166666666665,10.0,402.0,0.097,196.0,2.4,0.016,50.0,0.025,609.090909090909,122.0,74.0,205.0,0.088,1
12.98185895291478,49.64548441605182,68.93863129756447,802.4681003231509,1.5814564581232227,321.51104445871454,57.240245151374104,0.10487733884942581,119.73136331528227,0.34032976098173795,915.9403301218861,159.29326370262868,95.57497737718403,409.14769522240294,1.1845232114151336,0
3.865876134199909,18.718094603557354,55.150905038051576,2086.4170608401923,0.8833360396724307,1109.2131033825651,14.932237865575853,0.09738610036018111,252.76621144337366,0.12568996854439185,2381.4448583169037,686.1863667190158,177.4963865576275,1115.8573506065534,1.036457809988242,0
7.835,2.3566666666666665,8.0,198.0,0.05,88.0,2.0,0.016,21.0,0.012,300.0,68.0,20.0,105.0,0.104,1
6.221541713760528,2.8008333333333337,8.0,355.0,0.035,166.0,2.4,0.619753395419824,47.0,0.02,537.8787878787879,102.0,64.0,180.0,0.14,0
7.772916666666666,2.4404166666666667,9.0,1148.985388775686,0.20008892700754174,156.0,2.0,0.015,100.0,0.0,1777.3770358130437,73.0,83.0,192.0,0.096,0
6.221541713760528,3.228260869565218,8.0,272.0,0.0629,124.0,3.2,0.016,40.0,0.01,1140.2795697003046,72.0,52.0,155.0,0.154,0
7.962916666666665,2.3141666666666665,9.0,380.0,0.1057,132.0,2.0,0.016,70.0,0.0181,575.7575757575758,66.0,66.0,178.0,0.099,1
7.827500000000003,2.6004166666666664,8.0,172.0,0.036,54.0,2.0,0.017,19.0,0.014,260.60606060606057,46.0,8.0,80.0,0.075,1
7.778750000000001,2.6954166666666666,8.0,280.0,0.052,128.0,2.4,0.016,36.0,0.0,424.24242424242425,86.0,42.0,165.0,0.13,1
8.98772101424764,2.8775,8.0,320.0,1.3941980993131948,138.0,2.8,0.012,48.0,0.015,484.8484848484848,90.0,48.0,170.0,0.134,0
6.221541713760528,3.5916666666666672,8.0,577.6537042179347,0.0919,122.0,2.8,0.017,39.0,0.01,406.06060606060606,86.50137794599713,54.0,150.0,0.155,0
6.221541713760528,5.0375000000000005,9.0,341.0,0.0727,160.0,3.6,0.019,48.0,0.0259,516.6666666666666,73.0,86.0,163.0,0.6895233524301112,0
6.221541713760528,33.197101497993444,8.0,365.0,0.109,127.0,2.8,0.014,54.0,0.036,553.030303030303,65.0,62.0,162.0,0.225,0
7.660833333333333,8.224156118774781,28.89922047668898,300.0,0.0768,130.0,9.790254266148485,0.018,41.0,0.0242,454.5454545454545,84.0,46.0,165.0,0.08,0
8.98772101424764,33.08253421163701,8.0,324.0,0.0331,138.0,2.4,0.014,43.0,0.0,490.9090909090909,88.0,50.0,175.0,0.109,0
8.024166666666668,4.955,9.0,329.0,0.1269,152.0,4.0,0.018,43.0,0.028,498.4848484848485,67.0,85.0,162.0,0.122,1
3.865876134199909,18.87779974643987,55.150905038051576,1604.9362006463018,0.7028695369436545,739.4754022550435,14.932237865575853,0.08989486187093641,199.5522721921371,0.17403226413838868,1831.8806602437721,416.6131512222596,163.8428183608869,855.4906354650243,0.9716791968639767,0
7.976666666666666,3.724999999999999,9.0,360.0,0.041,123.0,3.2,0.016,54.0,0.029,545.4545454545454,61.0,63.0,172.0,0.21,1
3.865876134199909,20.331442475533823,55.150905038051576,2460.9021743243293,0.41792242737190266,1318.1952822807295,14.932237865575853,0.12735105431715993,352.54234753944223,0.18370072325718806,2808.8836790404503,661.6797107647652,382.2999095087361,1413.419310768301,1.2307936493610372,0
8.98772101424764,3.3825,8.0,606.4796531731805,0.164,160.0,2.8,0.018,51.0,0.015,536.3636363636364,108.0,52.0,180.0,0.143,0
7.829583333333335,2.419166666666667,8.0,150.0,0.0651,42.0,2.0,0.013,19.0,0.107,227.27272727272725,34.0,8.0,75.0,0.126,1
8.011666666666667,5.278750000000001,8.0,332.0,0.1189,143.0,4.8,0.014,46.0,0.0251,503.030303030303,71.0,73.0,167.0,0.153,1
7.950833333333332,3.1516666666666677,9.0,363.0,0.063,129.0,2.8,0.016,55.0,0.036,550.0,62.0,67.0,172.0,0.219,1
3.865876134199909,24.86185367158897,55.150905038051576,2293.7213200903398,1.2062760971870827,1173.5153122743081,19.909650487434476,0.10487733884942581,266.0696962561828,0.15469534590078995,2618.062776931724,686.1863667190158,232.11065934458978,1264.6383306874272,1.2215395617718565,0
7.742916666666667,8.318857877679033,28.89922047668898,286.0,0.0317,128.0,9.790254266148485,0.019,40.0,0.0144,433.3333333333333,74.0,54.0,150.0,0.156,0
7.977499999999999,4.779583333333334,8.0,352.0,0.0387,141.0,3.2,0.012,46.0,0.0255,533.3333333333333,77.0,65.0,157.0,0.12,1
6.221541713760528,2.4525,8.0,290.0,0.053,124.0,2.4,0.014,39.0,0.0,439.3939393939394,82.0,42.0,137.74153435546384,0.128,0
8.98772101424764,2.6629166666666664,8.0,333.0,0.0279,148.0,2.0,0.017,324.01415890332805,0.0145,504.5454545454545,98.0,50.0,175.0,0.113,0
7.5325,2.769583333333333,8.0,312.0,0.1338,138.0,2.8,0.012,47.0,0.0205,472.7272727272727,84.0,54.0,170.0,0.11,1
8.055833333333334,5.658333333333332,10.0,831.5337555881769,0.11484556221391781,131.0,4.0,0.013,49.0,0.07185091248324543,1286.3079166399555,67.0,65.0,162.0,0.157,0
7.716666666666666,2.441666666666667,8.0,286.0,0.002,132.0,2.4,0.016,37.0,0.017,433.3333333333333,86.0,46.0,165.0,0.127,1
7.945416666666667,2.512083333333333,8.0,327.0,0.1089,126.0,2.4,0.017,65.0,0.0188,495.45454545454544,64.0,62.0,158.0,0.093,1
7.755833333333334,2.4425000000000003,8.0,283.0,0.088,130.0,2.4,0.017,37.0,0.006,428.7878787878788,88.0,42.0,165.0,0.109,1
6.221541713760528,32.181368594644304,8.0,347.0,0.0533,143.0,5.2,0.013,44.0,0.0234,525.7575757575758,65.0,79.0,172.0,0.147,0
7.763333333333333,2.622083333333333,8.0,294.0,0.097,132.0,2.4,0.014,34.0,0.013,445.45454545454544,108.0,24.0,145.0,0.111,1
8.121250000000002,5.449166666666667,8.0,345.0,0.067,129.0,4.0,0.015,45.0,0.028,522.7272727272727,67.0,63.0,162.0,0.131,1
3.865876134199909,34.17364128822895,55.150905038051576,2206.7872758886647,0.8101996148823477,1165.4775361628401,17.420944176505163,0.1348422928064046,286.0249234753965,0.42637904713905234,2518.835907835187,398.2331592565717,552.9695119679933,1205.1259386550778,1.3140804376636637,0
7.784166666666668,2.599166666666666,8.0,368.0,0.044,164.0,2.4,0.017,53.0,0.019,557.5757575757575,108.0,56.0,190.0,0.133,1
7.865833333333335,3.01125,9.0,378.0,0.103,137.0,2.4,0.015,59.0,0.035,572.7272727272727,73.0,65.0,167.0,0.217,1
7.680833333333333,2.608333333333333,8.0,278.0,0.0278,120.0,2.4,0.011,39.0,0.01,421.2121212121212,78.0,42.0,145.0,0.059,1
7.76625,2.4975,8.0,363.0,0.138,164.0,2.0,0.013,38.0,0.011,550.0,110.0,54.0,180.0,0.132,1
7.948333333333333,5.749166666666667,8.0,364.0,0.043,129.0,4.0,0.017,52.0,0.02,551.5151515151515,67.0,63.0,177.0,0.243,1
7.826666666666667,3.4308333333333327,8.0,130.0,0.048,38.0,2.8,0.012,16.0,0.0264,196.96969696969697,28.0,10.0,60.0,0.078,1
7.833333333333333,2.4458333333333333,8.0,299.0,0.073,128.0,2.0,0.016,37.0,0.0,453.030303030303,92.0,36.0,160.0,0.189,1
12.98185895291478,21.847011688602635,55.150905038051576,1919.2362066062024,0.33243829450037715,996.6842378220151,17.420944176505163,0.0824036233816917,266.0696962561828,0.0,2190.6239562081773,465.6264631307607,327.6856367217738,1227.4430856672088,0.7680892699020008,0
7.704583333333332,3.3545833333333324,8.0,286.0,0.0949,126.0,2.4,0.014,40.0,0.0242,433.3333333333333,84.0,42.0,160.0,0.078,1
7.717916666666665,2.7929166666666667,8.0,287.0,0.035,124.0,2.8,0.011,40.0,0.0,434.8484848484848,76.0,48.0,165.0,0.083,1
7.803333333333335,2.445416666666666,7.0,158.0,0.021,52.0,2.0,0.015,18.0,0.002,239.39393939393935,42.0,10.0,85.0,0.145,1
7.795000000000001,6.163062781723836,28.89922047668898,240.0,0.074,92.0,8.39164651384156,0.012,30.0,0.018,363.6363636363636,68.0,24.0,115.0,0.105,0
7.84625,9.221666666666666,10.0,133.0,0.1209,46.0,8.4,0.014,16.0,0.0259,201.5151515151515,40.0,6.0,65.0,0.113,1
6.221541713760528,32.93452398014131,9.0,332.0,0.1043,154.0,2.8,0.017,47.0,0.0416,503.030303030303,75.0,79.0,167.0,0.139,0
7.834583333333335,2.583333333333333,8.0,312.0,0.057,138.0,2.0,0.014,31.0,0.016,472.7272727272727,106.0,32.0,150.0,0.114,1
12.98185895291478,40.95948021642091,55.150905038051576,789.0936319844317,1.4237857241601868,305.43549223577884,29.864475731151707,0.14233353129564932,106.42787850247312,0.3161586131847395,900.674657953188,196.05324763400452,40.960704590221724,446.34294024262135,1.0457118975774227,0
7.717916666666665,2.7929166666666667,8.0,679.9150651105606,0.09593304719539675,124.0,2.8,0.011,40.0,0.0,1051.7674418110178,76.0,48.0,165.0,0.083,0
6.221541713760528,33.55005137187946,8.0,342.0,0.118,144.0,2.4,0.016,43.0,0.018,518.1818181818181,94.0,50.0,180.0,0.141,0
7.792916666666668,9.344616255023956,28.89922047668898,127.0,0.0623,40.0,9.790254266148485,0.012,17.0,0.023,192.4242424242424,32.0,8.0,65.0,0.086,0
8.98772101424764,2.355416666666667,7.0,674.8567510786662,0.071,160.0,2.0,0.015,46.0,0.02,545.4545454545454,114.0,46.0,185.0,0.133,0
3.865876134199909,39.8904335456971,68.93863129756447,2387.3425984613737,0.5822419272249463,1004.7220139334829,19.909650487434476,0.10487733884942581,292.67666588180106,0.2832858521808216,2724.922482112611,398.2331592565717,416.43383000058753,1242.3211836752962,1.0919823355233262,0
7.827916666666669,2.540833333333334,7.0,402.7371465811683,0.16993854074613138,54.0,2.0,0.012,19.0,0.09797851702260742,622.998136264366,46.0,8.0,90.0,0.136,0
7.527916666666666,8.041136989207017,28.89922047668898,291.0,0.0786,128.0,9.790254266148485,0.015,40.0,0.0177,440.9090909090909,84.0,44.0,165.0,0.119,0
7.833333333333335,2.469583333333333,8.0,373.0,0.097,141.0,2.4,0.012,62.0,0.0,565.1515151515151,67.0,75.0,167.0,0.119,1
6.221541713760528,2.66625,8.0,376.0,0.045,131.0,2.0,0.013,59.0,0.033,569.6969696969696,67.0,33.33702673450733,143.98373422932718,0.215,0
7.824583333333334,3.5212500000000007,8.0,144.0,0.0765,48.0,2.8,0.013,19.0,0.0101,218.18181818181816,36.0,12.0,75.0,0.135,1
6.221541713760528,3.0975000000000006,8.0,296.0,0.069,144.0,2.8,0.014,309.23282419535116,0.0,448.4848484848485,90.0,54.0,165.0,0.108,0
8.98772101424764,5.94625,9.0,336.0,0.033,125.0,4.8,0.5999550331145188,47.0,0.5861116755572157,509.09090909090907,61.0,65.0,167.0,0.236,0
7.840000000000001,3.303333333333333,8.0,140.0,0.1594,40.0,3.2,0.014,16.0,0.028,212.12121212121207,32.0,8.0,70.0,0.103,1
7.613333333333333,3.610833333333333,8.0,336.0,0.047,148.0,2.4,0.015,40.0,0.0,509.09090909090907,96.0,52.0,175.0,0.126,1
7.8329166666666685,2.5854166666666667,8.0,271.0,0.063,114.0,2.0,0.015,29.0,0.015,410.60606060606057,82.0,32.0,135.0,0.121,1
6.221541713760528,2.50875,7.0,301.0,0.1049,114.0,2.4,0.014,34.0,0.022,456.06060606060606,76.0,41.3748151357056,145.0,0.113,0
7.691666666666667,11.153750000000002,8.0,287.0,0.037,122.0,2.4,0.013,41.0,0.01,434.8484848484848,80.0,42.0,155.0,0.07,1
7.686666666666666,3.720833333333333,8.0,288.0,0.1748,126.0,3.2,0.018,39.0,0.0191,436.3636363636363,84.0,42.0,160.0,0.139,1
7.835833333333333,2.5691666666666664,7.0,386.153852310179,0.1754204291572969,50.0,2.4,0.014,19.0,0.09500947105222536,597.3452718299509,40.0,10.0,85.0,0.145,0
8.98772101424764,2.3829166666666666,7.0,327.0,1.153057112224355,144.0,2.0,0.013,35.0,0.017,495.45454545454544,108.0,36.0,165.0,0.103,0
7.840416666666666,3.665000000000001,8.0,120.0,0.0237,36.0,3.2,0.015,17.0,0.0193,181.8181818181818,28.0,8.0,60.0,0.091,1
8.097083333333334,5.94625,9.0,795.9981250074856,0.09045115878423121,125.0,4.8,0.014,47.0,0.07719519522993311,1231.3374928519231,61.0,65.0,167.0,0.236,0
6.221541713760528,3.269166666666667,8.0,132.0,0.1137,40.0,3.2,0.01,16.0,0.028,200.0,30.0,36.842547806806984,70.0,0.141,0
7.741304347826087,2.392916666666667,8.0,312.0,0.093,138.0,2.4,0.013,38.0,0.013,472.7272727272727,112.0,26.0,150.0,0.112,1
8.98772101424764,3.508333333333333,8.0,369.0,0.048,127.0,2.8,0.015,53.0,0.033,559.090909090909,60.0,67.0,134.16396142778467,0.215,0
8.02125,3.882916666666667,9.0,845.7480078204534,0.27217575961436846,147.0,3.2,0.015,46.0,0.09204042508184332,1308.2960861551683,67.0,81.0,177.0,0.161,0
7.96125,2.505416666666666,8.0,467.0,0.0894,156.0,2.4,0.013,88.0,0.0286,707.5757575757575,82.0,74.0,175.0,0.188,1
7.69125,2.713750000000001,8.0,333.0,0.0827,150.0,2.4,0.016,50.0,0.0218,504.5454545454545,80.0,70.0,165.0,0.064,1
7.646666666666666,3.211666666666668,8.0,340.0,0.0448,160.0,2.0,0.016,52.0,0.015,515.1515151515151,92.0,68.0,175.0,0.068,1
8.044583333333335,10.897086662229594,28.89922047668898,335.0,0.1677,152.0,11.188862018455414,0.014,46.0,0.0373,507.5757575757576,73.0,79.0,167.0,0.139,0
7.750416666666667,6.5099478761371605,28.89922047668898,385.0,0.094,156.0,8.39164651384156,0.012,43.0,0.009,583.3333333333333,124.0,32.0,170.0,0.111,0
7.980416666666667,2.32125,9.0,391.0,0.062,129.0,2.0,0.015,56.0,0.02,592.4242424242424,64.0,64.0,177.0,0.165,1
7.953333333333332,2.7870833333333334,8.0,382.0,0.098,128.0,2.0,0.016,50.0,0.014,578.7878787878788,66.0,62.0,160.0,0.18,1
7.600416666666667,2.834583333333333,7.0,326.0,0.063,128.0,2.8,0.019,46.0,0.0201,493.93939393939394,84.0,44.0,170.0,0.086,1
12.98185895291478,230.5881520133163,68.93863129756447,1069.9574670975344,0.76935719584373,514.4176711339433,52.26283252951549,0.1123685773386705,133.0348481280914,0.12568996854439185,1221.253773495848,343.0931833595079,54.6142727869623,595.1239203234952,1.64722759087417,0
7.781666666666666,181.37500000000003,20.0,130.0,0.089,50.0,84.0,0.018,18.0,0.009,196.96969696969697,44.0,6.0,65.0,0.183,1
7.916666666666667,2.70375,9.0,426.0,0.105,144.0,2.4,0.02,62.0,0.036,645.4545454545454,71.0,73.0,172.0,0.228,1
7.787083333333334,5.437083333333334,10.0,128.0,0.0294,40.0,5.2,0.016,18.0,0.025,193.93939393939397,30.0,10.0,65.0,0.094,1
7.570833333333333,3.1529166666666675,8.0,324.0,0.146,128.0,2.8,0.019,41.0,0.015,490.9090909090909,84.0,44.0,170.0,0.093,1
3.865876134199909,21.644935793526788,55.150905038051576,1237.1383213315241,0.7313642479008297,546.5687755798147,14.932237865575853,0.09738610036018111,146.33833294090053,0.11602150942559247,1412.0746756045744,416.6131512222596,68.26784098370288,743.904900404369,0.999441459631519,0
7.767916666666667,2.50875,7.0,301.0,0.1049,114.0,2.4,0.014,34.0,0.022,456.06060606060606,76.0,38.0,145.0,0.113,1
6.221541713760528,6.153333333333332,10.0,371.0,0.139,168.0,3.2,0.015,54.0,0.021,562.1212121212121,114.0,54.0,135.4193109973435,0.126,0
8.98772101424764,11.140833333333337,10.0,268.0,0.035,120.0,6.0,0.016,38.0,0.6917875732291918,406.06060606060606,76.0,44.0,145.0,0.05,0
12.98185895291478,24.81948291939565,68.93863129756447,1952.6723774530003,0.2184594506716764,1060.986446713758,17.420944176505163,0.1123685773386705,226.15924181775537,0.009668459118799372,2228.7881366299225,514.6397750392618,327.6856367217738,1264.6383306874272,1.2863181748961217,0
7.690833333333331,11.383364233232317,21.674415357516736,289.0,0.0441,128.0,11.188862018455414,0.012,40.0,0.0,437.8787878787879,80.0,48.0,165.0,0.058,0
8.09125,4.327083333333333,9.0,332.0,0.1043,154.0,2.8,0.017,47.0,0.0416,503.030303030303,75.0,79.0,167.0,0.139,1
7.782083333333333,17.085686996916376,36.12402559586123,108.0,0.1582,38.0,26.573547293831606,0.017,17.0,0.0331,163.63636363636363,28.0,10.0,55.0,0.141,0
7.9975,6.255416666666668,10.0,351.0,0.09,127.0,4.4,0.01,51.0,0.028,531.8181818181818,63.0,65.0,167.0,0.234,1
6.221541713760528,2.427083333333333,8.0,305.0,0.055,130.0,2.4,0.016,40.0,0.0,462.1212121212121,90.0,40.0,155.0,0.646853247746963,0
7.8325,5.770416666666667,10.0,148.0,0.1637,58.0,5.2,0.018,15.0,0.0238,224.24242424242425,50.0,8.0,75.0,0.105,1
7.779583333333334,4.79125,10.0,350.0,0.069,150.0,6.4,0.016,48.0,0.023,530.3030303030303,94.0,56.0,180.0,0.139,1
7.729166666666667,2.5033333333333334,8.0,296.0,0.062,130.0,2.0,0.015,35.0,0.0,448.4848484848485,82.0,48.0,160.0,0.089,1
6.221541713760528,2.549583333333333,8.0,286.0,0.079,140.0,2.4,0.015,34.0,0.011,433.3333333333333,90.0,37.57808140282936,165.0,0.127,0
6.221541713760528,2.4454166666666666,8.0,346.0,0.05,158.0,2.4,0.015,40.0,0.007,524.2424242424242,100.0,58.0,180.0,0.5751447191224498,0
7.779166666666669,3.0225000000000004,8.0,291.0,0.0368,120.0,2.8,0.017,39.0,0.0,440.9090909090909,76.0,44.0,150.0,0.083,1
7.864166666666666,2.499583333333333,8.0,364.0,0.067,137.0,2.0,0.016,48.0,0.031,551.5151515151515,64.0,71.0,167.0,0.161,1
8.98772101424764,2.3566666666666665,8.0,198.0,0.05,88.0,2.0,0.016,21.0,0.012,300.0,68.0,20.0,105.0,0.5819449471778718,0
8.044166666666667,2.520833333333333,8.0,360.0,0.104,134.0,2.4,0.015,55.0,0.017,545.4545454545454,64.0,70.0,165.0,0.182,1
8.98772101424764,3.31375,10.0,275.0,0.196,122.0,2.4,0.018,36.0,0.013,416.6666666666666,82.0,40.0,150.0,0.112,0
6.221541713760528,5.1675,8.0,330.0,0.0479,148.0,3.6,0.015,268.6614114493351,0.028,500.0,67.0,81.0,167.0,0.15,0
7.75,7.896424189083665,28.89922047668898,400.0,0.009,170.0,8.39164651384156,0.021,52.0,0.027,606.060606060606,106.0,64.0,190.0,0.158,0
7.831666666666667,2.8816666666666664,8.0,380.0,0.012,168.0,2.8,0.016,53.0,0.02,575.7575757575758,112.0,58.0,190.0,0.137,1
7.8325,6.152422134655945,21.674415357516736,223.0,0.06,88.0,5.594431009227707,0.013,23.0,0.018,337.8787878787879,68.0,20.0,110.0,0.123,0
7.740416666666667,2.864583333333333,8.0,284.0,0.02,130.0,3.2,0.012,36.0,0.011,430.3030303030303,88.0,42.0,155.0,0.151,1
6.221541713760528,2.4966666666666666,8.0,391.0,0.01,162.0,2.4,0.017,47.0,0.5448578662171031,592.4242424242424,118.0,44.0,200.0,0.068,0
7.545833333333335,2.5537499999999995,8.0,307.0,0.133,126.0,2.4,0.015,41.0,0.0218,465.1515151515151,72.0,54.0,140.0,0.07,1
7.840000000000001,4.152916666666667,8.0,135.0,0.1637,42.0,3.6,0.017,18.0,0.0183,204.54545454545453,34.0,8.0,65.0,0.122,1
7.67625,5.132499999999999,8.0,687.0221912266989,0.3261723604643489,122.0,4.0,0.018,40.0,0.05106759069057113,1062.7615265686243,82.0,40.0,165.0,0.076,0
7.830833333333334,6.325864681862605,28.89922047668898,325.0,0.069,130.0,6.993038761534633,0.016,37.0,0.0,492.4242424242424,96.0,34.0,165.0,0.222,0
6.221541713760528,2.415833333333333,9.0,374.0,0.058,124.0,66.14782205250842,0.01,52.0,0.6348815226160113,566.6666666666666,64.0,60.0,167.0,0.141,0
7.907916666666666,4.357499999999999,8.0,119.0,0.155,36.0,3.2,0.015,17.0,0.0205,180.30303030303028,30.0,6.0,55.0,0.111,1
7.986250000000001,5.465833333333333,10.0,118.0,0.1416,30.0,4.8,0.014,17.0,0.0348,178.78787878787878,26.0,4.0,55.0,0.12,1
8.98772101424764,2.97875,25.30505058689419,276.0,0.041,124.0,2.4,0.017,34.0,0.005,418.1818181818182,82.0,42.0,160.0,0.139,0
8.041500000000001,7.117316010772514,32.511623036275104,390.0,0.023,126.0,8.39164651384156,0.014,54.0,0.033,590.9090909090909,66.0,60.0,177.0,0.137,0
6.221541713760528,3.189583333333333,8.0,333.0,0.0448,152.0,2.8,0.013,50.0,0.0127,504.5454545454545,86.0,40.80948006398193,165.0,0.063,0
7.73875,2.728333333333333,8.0,278.0,0.0629,126.0,2.4,0.017,37.0,0.01,421.2121212121212,74.0,52.0,150.0,0.158,1
8.98772101424764,2.612916666666667,9.0,389.0,0.091,131.0,2.4,0.016,283.293285099335,0.033,589.3939393939394,64.0,67.0,167.0,0.209,0
7.619583333333335,2.8375,8.0,314.0,0.0054,134.0,2.4,0.013,45.0,0.0,475.75757575757575,84.0,50.0,165.0,0.142,1
7.805416666666667,2.7670833333333325,8.0,185.0,0.077,68.0,2.4,0.013,22.0,0.012,280.3030303030303,68.0,10.0,100.0,0.108,1
7.796666666666668,16.88208333333333,10.0,107.0,0.1858,36.0,12.8,0.017,14.0,0.0213,162.12121212121212,32.0,4.0,55.0,0.12,1
7.656250000000001,2.296250000000001,8.0,658.5936867621458,0.21105270382987282,110.0,2.0,0.017,33.0,0.038597597614966554,1018.7851875381983,90.0,20.0,140.0,0.105,0
7.782083333333333,6.690416666666667,10.0,108.0,0.1582,38.0,7.6,0.017,17.0,0.0331,163.63636363636363,28.0,10.0,55.0,0.141,1
3.865876134199909,22.00671683148516,55.150905038051576,1919.2362066062024,0.2811478147774618,980.6086855990793,14.932237865575853,0.1348422928064046,272.7214386625874,0.13535842766319123,2190.6239562081773,490.1331190850113,286.72493213155207,1153.0525956267718,0.5459911677616631,0
7.79375,2.558333333333333,7.0,320.0,0.05,148.0,2.4,0.012,33.0,0.019,484.8484848484848,106.0,42.0,165.0,0.107,1
7.625833333333333,3.31375,10.0,275.0,0.196,122.0,2.4,0.018,36.0,0.013,416.6666666666666,82.0,40.0,150.0,0.112,1
7.670416666666665,3.0975000000000006,8.0,296.0,0.069,144.0,2.8,0.014,36.0,0.0,448.4848484848485,90.0,54.0,165.0,0.108,1
7.654583333333334,5.847916666666667,8.0,277.0,0.011,116.0,3.6,0.018,39.0,0.0,419.6969696969697,76.0,40.0,155.0,0.078,1
7.758749999999999,16.06416666666667,15.0,109.0,0.1996,38.0,12.4,0.015,15.0,0.0247,165.15151515151516,34.0,4.0,60.0,0.121,1
7.793333333333334,2.9666666666666672,8.0,184.0,0.065,74.0,2.8,0.013,20.0,0.002,278.78787878787875,60.0,14.0,90.0,0.104,1
7.762083333333333,2.842916666666666,7.0,340.0,0.123,150.0,2.0,0.01,38.0,0.014,515.1515151515151,110.0,40.0,170.0,0.132,1
8.98772101424764,9.659166666666666,22.678511514101825,110.0,0.1319,34.0,61.876056971308266,0.013,16.0,0.0255,1092.7307841452357,26.0,8.0,50.0,0.109,0
7.71875,4.041666666666666,8.0,492.0,0.037,208.0,3.6,0.017,71.0,0.02,745.4545454545454,120.0,88.0,230.0,0.105,1
7.560833333333334,2.597916666666667,8.0,313.0,0.0229,128.0,2.4,0.015,42.0,0.01,474.2424242424242,76.0,52.0,140.0,0.072,1
7.715416666666667,7.38992938865194,28.89922047668898,260.0,0.075,104.0,8.39164651384156,0.016,31.0,0.015,393.93939393939394,78.0,26.0,135.0,0.113,0
7.823333333333334,9.397083333333333,10.0,130.0,0.125,42.0,6.8,0.016,20.0,0.0259,196.96969696969697,32.0,10.0,60.0,0.105,1
7.732499999999999,3.344583333333333,8.0,302.0,0.156,126.0,2.8,0.013,41.0,0.0184,457.5757575757576,84.0,42.0,165.0,0.093,1
6.221541713760528,4.485833333333334,9.0,337.0,0.0694,143.0,3.2,0.017,344.2787247672246,0.0272,510.60606060606057,73.0,71.0,162.0,0.139,0
12.98185895291478,24.229551677319414,55.150905038051576,1979.4213141304388,0.6553783520150293,1157.4397600513723,17.420944176505163,0.10487733884942581,239.46272663056453,0.0,2259.319480967319,551.3997589706377,368.64634131199557,1227.4430856672088,0.999441459631519,0
7.656250000000001,2.296250000000001,8.0,278.0,0.077,110.0,2.0,0.017,33.0,0.013,421.2121212121212,90.0,20.0,140.0,0.105,1
7.719999999999999,4.015416666666666,8.0,684.6531491879861,0.47911704713586717,128.0,3.6,0.015,40.0,0.06086544239283188,1059.096831649422,82.0,46.0,165.0,0.132,0
6.221541713760528,6.288333333333334,8.0,145.0,0.1319,48.0,57.80714650678141,0.011,20.0,0.0259,219.6969696969697,83.64611089799617,12.0,80.0,0.103,0
8.024166666666668,12.653857493138789,32.511623036275104,329.0,0.1269,152.0,13.986077523069266,0.018,43.0,0.028,498.4848484848485,67.0,85.0,162.0,0.122,0
7.916666666666667,2.70375,9.0,1009.2119084916335,0.2877991415861902,144.0,2.4,0.02,62.0,0.10688565493375353,1561.1600355801168,71.0,73.0,172.0,0.228,0
7.732083333333332,3.795416666666666,8.0,278.0,0.2038,126.0,3.2,0.017,38.0,0.0177,421.2121212121212,78.0,48.0,165.0,0.11,1
3.865876134199909,58.8399376420026,55.150905038051576,2648.144731066398,0.18996473971450123,1036.8731183793543,29.864475731151707,0.14233353129564932,339.23886272663304,0.32872761003917866,3022.603089402224,398.2331592565717,443.7409663940687,1242.3211836752962,2.2950137221168214,0
6.221541713760528,2.543333333333333,7.0,302.0,0.077,140.0,2.0,0.017,34.0,0.014,457.5757575757576,96.98810449229225,30.0,155.0,0.6378930883553489,0
7.717083333333334,3.3054166666666664,8.0,423.0,0.007,192.0,2.8,0.02,62.0,0.033,640.9090909090909,116.0,76.0,210.0,0.176,1
6.221541713760528,4.411666666666666,8.0,344.0,0.1065,162.0,2.8,0.017,49.0,0.026,521.2121212121211,89.96157945143922,50.0,175.0,0.145,0
6.221541713760528,2.583333333333333,8.0,327.0,0.07664,130.0,60.34742250225933,0.015,51.0,0.0318,495.45454545454544,70.0,60.0,170.0,0.206,0
8.006666666666668,2.624166666666667,8.0,364.0,0.099,138.0,2.4,0.015,54.0,0.014,551.5151515151515,66.0,72.0,170.0,0.186,1
7.765833333333333,2.4804166666666667,8.0,285.0,0.031,120.0,2.4,0.013,31.0,0.012,431.8181818181818,80.0,40.0,145.0,0.138,1
8.081666666666665,11.458912827414364,32.511623036275104,349.0,0.0333,149.0,9.790254266148485,0.017,46.0,0.0399,528.7878787878788,71.0,79.0,172.0,0.135,0
7.660833333333333,3.2204166666666665,8.0,300.0,0.0768,130.0,2.8,0.018,41.0,0.0242,454.5454545454545,84.0,46.0,165.0,0.08,1
7.81875,2.3825000000000003,8.0,293.0,0.027,138.0,2.0,0.015,38.0,0.0,443.93939393939394,90.0,48.0,160.0,0.149,1
6.221541713760528,41.526085446963535,8.0,265.0,0.054,134.0,2.4,0.017,336.8070484182405,0.011,401.5151515151515,100.0,34.0,160.0,0.104,0
7.535416666666666,2.5775,8.0,311.0,0.1251,138.0,2.4,0.014,46.0,0.016,471.2121212121212,86.0,52.0,165.0,0.126,1
7.522499999999998,2.651666666666667,9.0,398.0,0.107,132.0,2.4,0.021,74.0,0.0275,603.030303030303,80.0,52.0,185.0,0.085,1
7.734166666666667,2.4516666666666667,8.0,663.3317708395713,0.22475742485778666,132.0,2.4,0.018,36.0,0.038597597614966554,1026.1145773766027,90.0,42.0,160.0,0.187,0
7.722916666666666,2.7199999999999998,8.0,293.0,0.0109,124.0,2.4,0.016,40.0,0.011,443.93939393939394,84.0,40.0,160.0,0.165,1
7.889583333333333,3.707916666666666,10.0,342.0,0.148,162.0,3.2,0.019,50.0,0.02,518.1818181818181,110.0,52.0,175.0,0.121,1
7.707499999999999,2.4770833333333337,8.0,285.0,0.122,132.0,2.4,0.018,37.0,0.012,431.8181818181818,88.0,44.0,160.0,0.195,1
7.651249999999998,3.2025,8.0,306.0,0.1421,126.0,3.2,0.014,40.0,0.0191,463.6363636363636,84.0,42.0,165.0,0.136,1
7.719999999999999,4.015416666666666,8.0,289.0,0.1748,128.0,3.6,0.015,40.0,0.0205,437.8787878787879,82.0,46.0,165.0,0.132,1
7.754999999999999,2.682499999999999,8.0,267.0,0.085,106.0,2.4,0.014,32.0,0.012,404.5454545454545,82.0,24.0,135.0,0.1,1
3.865876134199909,18.929948364523963,62.04476816780802,2587.9596235421614,1.0353078314440316,1125.288655605501,12.443531554646546,0.12735105431715993,412.40802919708335,0.20303764149478684,2953.907564643083,416.6131512222596,491.52845508266074,1301.8335757076457,1.7305143791767967,0
7.708181818181816,7.602065197923671,28.89922047668898,288.0,0.0192,122.0,8.39164651384156,0.018,38.0,0.0183,436.3636363636363,78.0,44.0,160.0,0.182,0
8.98772101424764,2.6566666666666667,8.0,586.0165477760526,0.097,208.0,2.4,0.017,61.0,0.012,654.5454545454545,130.0,78.0,225.0,0.064,0
7.705833333333332,2.874166666666667,8.0,286.0,0.0546,128.0,2.4,0.015,38.0,0.01,433.3333333333333,76.0,52.0,150.0,0.145,1
8.98772101424764,2.572083333333334,8.0,403.0,0.06,188.0,2.4,0.02,53.0,0.031,610.6060606060606,122.0,66.0,200.0,0.6282273983230952,0
3.865876134199909,27.55728536881028,55.150905038051576,1879.112801590045,0.0,964.5331333761436,19.909650487434476,0.11985981582791522,246.1144690369691,0.12859050628003166,2144.826939702083,477.87979110788604,286.72493213155207,1115.8573506065534,0.5089748174049402,0
7.862499999999998,3.5400000000000005,8.0,334.03492745849843,0.29985929609075435,40.0,2.8,0.014,15.0,0.08164876418550618,516.7219836075035,32.0,8.0,70.0,0.107,0
7.707499999999999,2.4770833333333337,8.0,675.1769810331351,0.3343951930810972,132.0,2.4,0.018,37.0,0.03562855164458451,1044.4380519726135,88.0,44.0,160.0,0.195,0
7.622916666666668,6.696159199825296,28.89922047668898,310.0,0.105,130.0,8.39164651384156,0.015,41.0,0.0252,469.6969696969697,72.0,58.0,140.0,0.093,0
7.522499999999998,6.771707794007337,32.511623036275104,398.0,0.107,132.0,8.39164651384156,0.021,74.0,0.0275,603.030303030303,80.0,52.0,185.0,0.085,0
6.221541713760528,2.535416666666667,9.0,370.0,0.066,131.0,2.4,0.5492117911731152,51.0,0.0,560.6060606060606,65.0,67.0,162.0,0.102,0
7.752916666666665,15.794976507580907,28.89922047668898,130.0,0.1609,50.0,18.181900779990045,0.019,18.0,0.0285,196.96969696969697,38.0,12.0,65.0,0.114,0
8.008333333333333,2.380416666666666,8.0,411.0,0.082,134.0,2.0,0.016,61.0,0.034,622.7272727272727,64.0,70.0,172.0,0.143,1
7.810000000000002,2.5478260869565217,8.0,398.0,0.028,166.0,2.4,0.015,47.0,0.038,603.030303030303,120.0,46.0,205.0,0.065,1
7.877916666666667,3.0775,8.0,132.0,0.0823,32.0,2.4,0.018,17.0,0.0286,200.0,26.0,6.0,65.0,0.095,1
8.98772101424764,4.380416666666666,8.0,554.6612306700662,0.1403,128.0,4.0,0.012,41.0,0.0181,448.4848484848485,84.0,44.0,165.0,0.122,0
8.087500000000002,7.319999999999999,10.0,320.0,0.102,127.0,6.0,0.013,49.0,0.003,484.8484848484848,65.0,63.0,167.0,0.223,1
6.221541713760528,3.303333333333333,8.0,140.0,0.1594,40.0,3.2,0.014,16.0,0.028,212.12121212121207,32.0,8.0,70.0,0.6642637171513177,0
7.835000000000001,2.537083333333333,8.0,143.0,0.0751,40.0,2.4,0.009,18.0,0.0156,216.66666666666663,32.0,8.0,70.0,0.136,1
7.976666666666666,9.512738478696665,32.511623036275104,360.0,0.041,123.0,11.188862018455414,0.016,54.0,0.029,545.4545454545454,61.0,63.0,172.0,0.21,0
7.742083333333333,6.346666666666667,10.0,284.28504464553055,0.45636721022953025,40.0,9.2,0.014,18.0,0.10451041815744791,439.7633903042583,26.0,14.0,55.0,0.128,0
3.865876134199909,30.373310745351034,62.04476816780802,2387.3425984613737,0.9431749326824985,1181.553088385776,19.909650487434476,0.1123685773386705,305.98015069461024,0.29972223268278053,2724.922482112611,410.48648723369695,552.9695119679933,1316.711673715733,1.4899081018580977,0
7.954166666666666,2.3545833333333337,8.0,372.0,0.0992,158.0,2.0,0.018,65.0,0.0077,563.6363636363636,66.0,62.0,164.0,0.099,1
8.98772101424764,5.94625,9.0,336.0,0.033,125.0,4.8,0.5999550331145188,47.0,0.5861116755572157,509.09090909090907,61.0,65.0,167.0,0.236,0
7.776666666666668,2.4129166666666677,8.0,328.0,0.029,150.0,2.4,0.018,38.0,0.0,496.96969696969694,100.0,50.0,170.0,0.224,1
7.765833333333333,2.4804166666666667,8.0,675.1769810331351,0.08496927037306569,120.0,2.4,0.013,31.0,0.03562855164458451,1044.4380519726135,80.0,40.0,145.0,0.138,0
8.98772101424764,2.6716666666666664,7.0,154.0,0.0309,50.0,1.6,0.01,17.0,0.0047,233.3333333333333,42.0,36.201723228017464,85.0,0.146,0
8.98772101424764,6.873333333333331,8.0,320.0,0.023,121.0,5.6,0.5399358063739094,45.0,0.154,484.8484848484848,59.0,63.0,167.0,0.228,0
7.680833333333333,6.661045064501245,28.89922047668898,278.0,0.0278,120.0,8.39164651384156,0.011,39.0,0.01,421.2121212121212,78.0,42.0,145.0,0.059,0
7.749166666666666,2.445,8.0,360.0,0.106,152.0,2.0,0.015,40.0,0.02,545.4545454545454,92.0,60.0,175.0,0.133,1
7.714583333333334,3.395,8.0,286.0,0.0,122.0,2.8,0.019,38.0,0.0138,433.3333333333333,82.0,40.0,155.0,0.048,1
7.60125,3.3258333333333323,8.0,286.0,0.029,126.0,2.8,0.018,38.0,0.0,433.3333333333333,84.0,42.0,165.0,0.049,1
7.736666666666667,3.36125,7.0,791.2600409300601,0.2960219742029385,148.0,3.2,0.014,41.0,0.053442827466876765,1224.0081030135188,110.0,38.0,170.0,0.132,0
7.782083333333333,2.393333333333333,8.0,265.0,0.054,134.0,2.4,0.017,34.0,0.011,401.5151515151515,100.0,34.0,160.0,0.104,1
8.005833333333333,4.485833333333334,9.0,337.0,0.0694,143.0,3.2,0.017,46.0,0.0272,510.60606060606057,73.0,71.0,162.0,0.139,1
7.538750000000001,3.7816666666666654,8.0,646.748476568582,0.21790506434382975,124.0,3.2,0.02,40.0,0.029690459703820428,1000.4617129421875,70.0,54.0,155.0,0.137,0
6.221541713760528,6.627391304347826,10.0,403.0,0.112,131.0,6.4,0.017,56.0,0.5940710066916577,1351.141616409086,67.0,65.0,182.0,0.241,0
7.957916666666665,2.3175000000000003,8.0,345.0,0.0927,130.0,2.4,0.018,52.0,0.0162,522.7272727272727,64.0,66.0,160.0,0.098,1
7.959166666666667,9.246722301999332,28.89922047668898,365.0,0.03,125.0,8.39164651384156,0.015,54.0,0.034,553.030303030303,65.0,61.0,172.0,0.203,0
7.607500000000001,3.078333333333333,8.0,325.0,0.051,128.0,2.8,0.021,45.0,0.0155,492.4242424242424,82.0,46.0,170.0,0.093,1
8.98772101424764,34.73463831445009,9.0,353.0,0.068,137.0,2.8,0.016,60.0,0.036,534.8484848484849,67.0,71.0,162.0,0.222,0
7.927499999999998,3.508333333333333,8.0,369.0,0.048,127.0,2.8,0.015,53.0,0.033,559.090909090909,60.0,67.0,177.0,0.215,1
8.066666666666668,6.873333333333331,8.0,320.0,0.023,121.0,5.6,0.013,45.0,0.154,484.8484848484848,59.0,63.0,167.0,0.228,1
7.736666666666667,3.36125,7.0,334.0,0.108,148.0,3.2,0.014,41.0,0.018,506.06060606060606,110.0,38.0,170.0,0.132,1
7.937083333333333,6.288333333333334,8.0,145.0,0.1319,48.0,5.6,0.011,20.0,0.0259,219.6969696969697,36.0,12.0,80.0,0.103,1
8.098333333333333,5.099583333333333,10.0,357.0,0.0613,125.0,3.2,0.014,44.0,0.0293,540.9090909090909,65.0,61.0,167.0,0.118,1
7.879999999999999,29.47833333333333,10.0,379.04672619404073,0.2220164806522039,64.0,8.4,0.015,20.0,0.038597597614966554,586.3511870723444,56.0,8.0,80.0,0.178,0
7.748333333333332,2.4454166666666666,8.0,346.0,0.05,158.0,2.4,0.015,40.0,0.007,524.2424242424242,100.0,58.0,180.0,0.137,1
8.98772101424764,3.211666666666668,8.0,340.0,0.0448,160.0,2.0,0.016,336.95623926715734,0.015,515.1515151515151,92.0,68.0,175.0,0.068,0
7.687083333333333,4.328333333333334,8.0,290.0,0.1276,126.0,3.6,0.014,40.0,0.0177,439.3939393939394,82.0,44.0,160.0,0.123,1
7.680833333333332,2.549583333333333,8.0,286.0,0.079,140.0,2.4,0.015,34.0,0.011,433.3333333333333,90.0,50.0,165.0,0.127,1
7.65125,3.189583333333333,8.0,333.0,0.0448,152.0,2.8,0.013,50.0,0.0127,504.5454545454545,86.0,66.0,165.0,0.063,1
7.745833333333333,3.330416666666667,8.0,283.0,0.0,120.0,2.0,0.02,37.0,0.015,428.7878787878788,80.0,42.0,155.0,0.053,1
7.690833333333331,11.383364233232317,21.674415357516736,289.0,0.0441,128.0,11.188862018455414,0.012,40.0,0.0,437.8787878787879,80.0,48.0,165.0,0.058,0
6.221541713760528,31.68979131796297,8.0,336.0,0.047,148.0,2.4,0.015,40.0,0.0,509.09090909090907,96.0,52.0,175.0,0.126,0
7.839166666666666,6.59375,10.0,160.0,0.1692,68.0,6.4,0.017,12.0,0.0247,242.4242424242424,50.0,18.0,75.0,0.105,1
7.82875,2.549583333333334,9.0,375.0,0.067,133.0,2.0,0.015,51.0,0.0,568.1818181818181,67.0,67.0,162.0,0.102,1
6.221541713760528,3.318333333333334,8.0,649.451168176653,0.058,44.0,2.4,0.011,18.0,0.0096,219.6969696969697,34.0,10.0,80.0,0.16,0
7.852500000000002,9.194583333333336,10.0,138.0,0.1264,48.0,9.2,0.019,18.0,0.0263,209.0909090909091,40.0,8.0,65.0,0.111,1
3.865876134199909,18.620315944649683,55.150905038051576,2748.4532436067916,0.778855432829455,1077.0619989366937,12.443531554646546,0.11985981582791522,405.75628679067876,0.32872761003917866,3137.09563066746,392.10649526800904,477.87488688592015,1279.5164286955146,1.3233345252528443,0
6.221541713760528,2.4933333333333336,10.0,696.558027150308,0.067,120.0,2.0,0.022,74.0,0.0144,619.6969696969696,80.0,40.0,180.0,0.093,0
7.772916666666666,2.4404166666666667,9.0,485.0,0.073,156.0,2.0,0.015,100.0,0.0,734.8484848484848,73.0,83.0,192.0,0.096,1
8.044583333333334,5.1675,8.0,330.0,0.0479,148.0,3.6,0.015,43.0,0.028,500.0,67.0,81.0,167.0,0.15,1
7.829583333333335,4.48125,8.0,130.0,0.0351,40.0,2.8,0.014,16.0,0.0231,196.96969696969697,30.0,10.0,65.0,0.085,1
7.984782608695652,6.627391304347826,10.0,403.0,0.112,131.0,6.4,0.017,56.0,0.037,610.6060606060606,67.0,65.0,182.0,0.241,1
8.98772101424764,4.010833333333333,8.0,284.0,0.0641,124.0,3.2,0.5555141250758735,39.0,0.0,430.3030303030303,80.0,44.0,165.0,0.5266094840329102,0
7.7008333333333345,4.380416666666666,8.0,296.0,0.1403,128.0,4.0,0.012,41.0,0.0181,448.4848484848485,84.0,44.0,165.0,0.122,1
7.828750000000002,2.967083333333333,8.0,186.0,0.078,74.0,2.4,0.016,22.0,0.011,281.8181818181818,62.0,10.0,100.0,0.11,1
7.817083333333334,2.3829166666666666,7.0,327.0,0.062,144.0,2.0,0.013,35.0,0.017,495.45454545454544,108.0,36.0,165.0,0.103,1
7.927916666666666,2.66625,8.0,376.0,0.045,131.0,2.0,0.013,59.0,0.033,569.6969696969696,67.0,64.0,177.0,0.215,1
7.536666666666665,4.260416666666667,8.0,280.0,0.0359,118.0,4.4,0.021,40.0,0.0265,424.24242424242425,72.0,46.0,160.0,0.146,1
7.71375,2.761375,8.0,281.0,0.096,126.0,2.4,0.018,34.0,0.0,425.75757575757575,86.0,40.0,155.0,0.128,1
7.822916666666667,2.660833333333334,8.0,342.0,0.118,144.0,2.4,0.016,43.0,0.018,518.1818181818181,94.0,50.0,180.0,0.141,1
6.221541713760528,3.01125,9.0,378.0,0.103,137.0,56.73596725145126,0.015,59.0,0.035,572.7272727272727,73.0,65.0,167.0,0.217,0
8.98772101424764,2.5375,8.0,351.0,0.033,141.0,2.4,0.014,49.0,0.032,531.8181818181818,94.75106376697228,83.0,163.0,0.155,0
3.865876134199909,18.929948364523963,62.04476816780802,2587.9596235421614,1.0353078314440316,1125.288655605501,12.443531554646546,0.12735105431715993,412.40802919708335,0.20303764149478684,2953.907564643083,416.6131512222596,491.52845508266074,1301.8335757076457,1.7305143791767967,0
7.737083333333333,2.572083333333334,8.0,403.0,0.06,188.0,2.4,0.02,53.0,0.031,610.6060606060606,122.0,66.0,200.0,0.166,1
7.739583333333333,3.178333333333333,8.0,343.0,0.127,146.0,3.2,0.014,40.0,0.016,519.6969696969696,112.0,34.0,170.0,0.132,1
7.846666666666665,3.269166666666667,8.0,132.0,0.1137,40.0,3.2,0.01,16.0,0.028,200.0,30.0,10.0,70.0,0.141,1
8.98772101424764,3.078333333333333,8.0,325.0,0.051,128.0,2.8,0.021,45.0,0.0155,492.4242424242424,82.0,46.0,170.0,0.6196111462817686,0
7.67625,5.132499999999999,8.0,290.0,0.119,122.0,4.0,0.018,40.0,0.0172,439.3939393939394,82.0,40.0,165.0,0.076,1
6.221541713760528,38.59474622891245,9.0,357.0,0.0993,147.0,3.2,0.015,46.0,0.031,540.9090909090909,67.0,81.0,177.0,0.161,0
7.965416666666667,2.583333333333333,8.0,327.0,0.07664,130.0,2.4,0.015,51.0,0.0318,495.45454545454544,70.0,60.0,170.0,0.206,1
8.98772101424764,2.70875,9.0,389.0,0.1008,134.0,2.4,0.016,59.0,0.026,1370.3248046692681,66.0,68.0,175.0,0.209,0
7.527916666666666,3.14875,8.0,291.0,0.0786,128.0,2.8,0.015,40.0,0.0177,440.9090909090909,84.0,44.0,165.0,0.119,1
8.012083333333331,5.0375000000000005,9.0,341.0,0.0727,160.0,3.6,0.019,48.0,0.0259,516.6666666666666,73.0,86.0,163.0,0.132,1
3.865876134199909,19.79040056291141,55.150905038051576,2648.144731066398,0.778855432829455,1085.0997750481615,12.443531554646546,0.09738610036018111,345.89060513303764,0.35773298739557674,3022.603089402224,422.73981521082226,457.3945345908093,1279.5164286955146,1.406621313555471,0
8.98772101424764,2.69,8.0,287.0,0.001,122.0,64.207294457499,0.5689005922856657,39.0,0.0168,434.8484848484848,80.0,33.45898561830338,150.0,0.139,0
8.0975,2.415833333333333,9.0,374.0,0.058,124.0,2.0,0.01,52.0,0.043,566.6666666666666,64.0,60.0,167.0,0.141,1
7.804583333333333,2.355416666666667,7.0,360.0,0.071,160.0,2.0,0.015,46.0,0.02,545.4545454545454,114.0,46.0,185.0,0.133,1
8.097083333333334,5.94625,9.0,336.0,0.033,125.0,4.8,0.014,47.0,0.026,509.09090909090907,61.0,65.0,167.0,0.236,1
6.221541713760528,38.16068911936432,8.0,406.0,0.088,190.0,2.4,0.018,54.0,0.039,615.1515151515151,99.61379671796827,68.0,134.47220649808662,0.152,0
8.98772101424764,2.515833333333333,8.0,213.0,0.118,82.0,2.0,0.016,23.0,0.015,322.7272727272727,66.0,16.0,105.0,0.5493830045210283,0
6.221541713760528,41.97627509301389,9.0,363.0,0.063,129.0,2.8,0.016,55.0,0.036,550.0,62.0,67.0,172.0,0.219,0
7.677083333333333,11.140833333333337,10.0,268.0,0.035,120.0,6.0,0.016,38.0,0.01,406.06060606060606,76.0,44.0,145.0,0.05,1
7.949583333333332,2.3716666666666666,8.0,352.0,0.0959,146.0,2.0,0.012,64.0,0.0175,533.3333333333333,68.0,78.0,156.0,0.101,1
7.525000000000001,3.976666666666667,8.0,269.0,0.1106,122.0,3.2,0.019,41.0,0.0154,407.5757575757576,68.0,54.0,155.0,0.153,1
6.221541713760528,2.392916666666667,8.0,312.0,0.093,138.0,2.4,0.013,38.0,0.013,472.7272727272727,112.0,35.79400591634983,150.0,0.112,0
7.513478260869565,3.228260869565218,8.0,272.0,0.0629,124.0,3.2,0.016,40.0,0.01,412.1212121212121,72.0,52.0,155.0,0.154,1
7.787500000000001,2.4966666666666666,8.0,391.0,0.01,162.0,2.4,0.017,47.0,0.039,592.4242424242424,118.0,44.0,200.0,0.068,1
8.02125,3.882916666666667,9.0,357.0,0.0993,147.0,3.2,0.015,46.0,0.031,540.9090909090909,67.0,81.0,177.0,0.161,1
7.548333333333333,2.511666666666667,8.0,332.0,0.0227,140.0,2.4,0.0009,49.0,0.017,503.030303030303,88.0,52.0,175.0,0.119,1
7.548333333333333,2.511666666666667,8.0,786.5219568526345,0.062219433466728744,140.0,2.4,0.0009,49.0,0.05047378149649473,1216.6787131751146,88.0,52.0,175.0,0.119,0
7.735,4.010833333333333,8.0,284.0,0.0641,124.0,3.2,0.012,39.0,0.0,430.3030303030303,80.0,44.0,165.0,0.138,1
7.845,2.6566666666666667,8.0,432.0,0.097,208.0,2.4,0.017,61.0,0.012,654.5454545454545,130.0,78.0,225.0,0.064,1
7.847916666666669,3.318333333333334,8.0,145.0,0.058,44.0,2.4,0.011,18.0,0.0096,219.6969696969697,34.0,10.0,80.0,0.16,1
12.98185895291478,18.929948364523963,62.04476816780802,2587.9596235421614,1.0353078314440316,1125.288655605501,12.443531554646546,0.12735105431715993,412.40802919708335,0.20303764149478684,2953.907564643083,416.6131512222596,491.52845508266074,1301.8335757076457,1.7305143791767967,0
7.817083333333334,6.085386058128215,25.28681791710286,327.0,0.062,144.0,6.993038761534633,0.013,35.0,0.017,495.45454545454544,108.0,36.0,165.0,0.103,0
6.221541713760528,11.140833333333337,10.0,268.0,0.035,120.0,6.0,0.016,38.0,0.6917875732291918,406.06060606060606,76.0,44.0,145.0,0.05,0
3.865876134199909,46.17760131345997,55.150905038051576,2360.5936617839357,0.7218660109151046,1036.8731183793543,29.864475731151707,0.09738610036018111,292.67666588180106,0.22237455973238557,2694.391137775215,447.2464711650728,389.1266936071064,1279.5164286955146,1.3603508756095675,0
8.98772101424764,3.178333333333333,8.0,343.0,0.127,146.0,57.14104143443019,0.014,40.0,0.016,519.6969696969696,112.0,34.0,170.0,0.132,0
7.75125,2.5849999999999995,8.0,392.0,0.021,180.0,2.8,0.019,42.0,0.04,593.9393939393939,120.0,60.0,205.0,0.077,1
6.221541713760528,9.659166666666666,22.678511514101825,110.0,0.1319,34.0,61.876056971308266,0.013,16.0,0.0255,1092.7307841452357,26.0,8.0,50.0,0.109,0
6.221541713760528,2.53625,7.0,287.0,0.07,140.0,2.0,0.014,34.0,0.013,1386.9269451372736,108.0,32.0,150.0,0.095,0
7.83608695652174,2.6429166666666664,8.0,192.0,0.114,84.0,2.0,0.013,23.0,0.011,290.9090909090909,66.0,18.0,105.0,0.104,1
8.98772101424764,2.511666666666667,8.0,332.0,0.0227,140.0,2.4,0.6889277480289285,49.0,0.017,503.030303030303,88.0,52.0,175.0,0.119,0
3.865876134199909,21.847011688602635,55.150905038051576,1919.2362066062024,0.33243829450037715,996.6842378220151,17.420944176505163,0.0824036233816917,266.0696962561828,0.0,2190.6239562081773,465.6264631307607,327.6856367217738,1227.4430856672088,0.7680892699020008,0
8.98772101424764,33.55005137187946,8.0,342.0,0.118,144.0,2.4,0.016,43.0,0.018,518.1818181818181,94.0,50.0,180.0,0.141,0
7.821666666666668,2.5375,8.0,351.0,0.033,141.0,2.4,0.014,49.0,0.032,531.8181818181818,58.0,83.0,163.0,0.155,1
8.98772101424764,35.67450622141899,8.0,481.0,0.053,136.0,2.0,0.013,71.0,0.026,728.7878787878788,72.0,64.0,172.0,0.11,0
8.98772101424764,2.419166666666667,8.0,601.8199986234863,0.0651,42.0,2.0,0.013,19.0,0.107,227.27272727272725,34.0,8.0,75.0,0.126,0
7.8204166666666675,2.5849999999999995,8.0,340.0,0.139,146.0,2.4,0.014,43.0,0.022,515.1515151515151,96.0,50.0,180.0,0.138,1
8.10375,6.524166666666665,8.0,347.0,0.0533,143.0,5.2,0.013,44.0,0.0234,525.7575757575758,65.0,79.0,172.0,0.147,1
7.552916666666667,2.6629166666666664,8.0,333.0,0.0279,148.0,2.0,0.017,42.0,0.0145,504.5454545454545,98.0,50.0,175.0,0.113,1
6.221541713760528,2.6429166666666664,8.0,192.0,0.114,84.0,2.0,0.013,23.0,0.011,290.9090909090909,66.0,18.0,146.9661219551596,0.5503566026159641,0
7.879583333333334,3.27625,8.0,134.0,0.0994,38.0,2.8,0.013,17.0,0.0259,203.03030303030303,28.0,10.0,65.0,0.094,1
7.795416666666668,2.721250000000001,8.0,303.0,0.099,144.0,2.4,0.02,39.0,0.014,459.09090909090907,100.0,44.0,170.0,0.068,1
7.8325,2.409166666666667,6.0,223.0,0.06,88.0,1.6,0.013,23.0,0.018,337.8787878787879,68.0,20.0,110.0,0.123,1
7.719999999999999,3.555416666666668,8.0,287.0,0.1603,126.0,2.8,0.017,38.0,0.0191,434.8484848484848,84.0,42.0,160.0,0.113,1
7.567916666666669,2.660416666666668,8.0,312.0,0.131,128.0,2.4,0.012,40.0,0.0229,472.7272727272727,74.0,54.0,140.0,0.073,1
6.221541713760528,2.69,8.0,287.0,0.001,122.0,64.207294457499,0.5689005922856657,39.0,0.0168,434.8484848484848,80.0,33.45898561830338,150.0,0.139,0
7.505,3.721666666666666,10.0,265.0,0.0566,120.0,3.2,0.016,38.0,0.0139,401.5151515151515,68.0,52.0,150.0,0.149,1
7.660416666666666,2.873333333333333,8.0,322.0,0.0262,142.0,2.8,0.015,39.0,0.0,487.8787878787879,92.0,50.0,165.0,0.121,1
7.84625,9.287083333333332,10.0,298.49929687780707,0.5621676565650249,40.0,7.2,0.017,19.0,0.08461781015588822,461.7515598194712,32.0,8.0,60.0,0.1,0
7.830000000000001,9.659166666666666,10.0,110.0,0.1319,34.0,8.8,0.013,16.0,0.0255,166.66666666666666,26.0,8.0,50.0,0.109,1
7.889583333333333,9.469111825718302,36.12402559586123,342.0,0.148,162.0,11.188862018455414,0.019,50.0,0.02,518.1818181818181,110.0,52.0,175.0,0.121,0
7.992916666666666,2.49,8.0,343.0,0.0894,130.0,2.4,0.014,58.0,0.0103,519.6969696969696,68.0,62.0,170.0,0.094,1
7.690833333333331,4.457499999999999,6.0,289.0,0.0441,128.0,3.2,0.012,40.0,0.0,437.8787878787879,80.0,48.0,165.0,0.058,1
8.009166666666667,2.481666666666667,8.0,411.0,0.032,142.0,2.4,0.014,57.0,0.021,622.7272727272727,66.0,76.0,172.0,0.111,1
6.221541713760528,38.16068911936432,8.0,406.0,0.088,190.0,2.4,0.018,54.0,0.039,615.1515151515151,99.61379671796827,68.0,134.47220649808662,0.152,0
7.735833333333335,3.993333333333334,8.0,290.0,0.0,122.0,3.6,0.02,41.0,0.0154,439.3939393939394,68.0,54.0,155.0,0.157,1
7.752083333333332,2.543333333333333,7.0,302.0,0.077,140.0,2.0,0.017,34.0,0.014,457.5757575757576,110.0,30.0,155.0,0.104,1
8.98772101424764,9.659166666666666,22.678511514101825,110.0,0.1319,34.0,61.876056971308266,0.013,16.0,0.0255,1092.7307841452357,26.0,8.0,50.0,0.109,0
7.726249999999998,15.6625,15.0,120.0,0.212,40.0,13.2,0.012,17.0,0.023,181.8181818181818,36.0,4.0,65.0,0.128,1
7.823333333333334,6.10985954638437,28.89922047668898,330.0,0.07,152.0,6.993038761534633,0.016,41.0,0.0,500.0,104.0,48.0,175.0,0.222,0
8.120416666666669,5.935833333333334,8.0,344.0,0.0917,145.0,4.4,0.015,45.0,0.0259,521.2121212121211,65.0,81.0,172.0,0.155,1
12.98185895291478,19.128764970969545,55.150905038051576,2313.7830225984185,0.4749118492862531,1269.9686256119223,14.932237865575853,0.1123685773386705,266.0696962561828,0.06767921383159561,2640.9612851847714,612.6663988562641,395.9534777054767,1339.028820727864,1.2678099997177603,0
7.908749999999999,2.367083333333333,8.0,398.0,0.023,144.0,2.0,0.01,58.0,0.029,603.030303030303,71.0,73.0,172.0,0.113,1
7.937083333333333,2.5058333333333334,8.0,356.0,0.0601,128.0,2.4,0.017,50.0,0.0344,539.3939393939394,66.0,62.0,170.0,0.199,1
7.7525,2.6495833333333336,8.0,406.0,0.088,190.0,2.4,0.018,54.0,0.039,615.1515151515151,122.0,68.0,200.0,0.152,1
8.98772101424764,2.49,8.0,343.0,0.0894,130.0,60.48935498345093,0.014,58.0,0.0103,519.6969696969696,68.0,62.0,170.0,0.094,0
7.97,2.5787500000000003,8.0,305.0,0.0699,140.0,2.8,0.017,52.0,0.0338,462.1212121212121,60.0,80.0,165.0,0.201,1
